Image,Class
image9354.jpg,Food
image9161.jpg,Food
image557.jpg,Attire
image8230.jpg,misc
image3389.jpg,Attire
image7703.jpg,Food
image10797.jpg,Food
image3490.jpg,misc
image5409.jpg,misc
image9217.jpg,Attire
image7350.jpg,Attire
image6799.jpg,Attire
image4279.jpg,Food
image9781.jpg,misc
image7147.jpg,Attire
image5956.jpg,Food
image4999.jpg,Attire
image5358.jpg,Food
image23.jpg,Food
image5855.jpg,Attire
image10439.jpg,Food
image9292.jpg,Food
image1506.jpg,Attire
image1241.jpg,Food
image10630.jpg,Decorationandsignage
image6970.jpg,misc
image8937.jpg,Attire
image10405.jpg,Attire
image2791.jpg,misc
image486.jpg,Attire
image10055.jpg,Decorationandsignage
image5504.jpg,Food
image4710.jpg,Food
image6268.jpg,Food
image10078.jpg,Food
image5613.jpg,Food
image6211.jpg,Food
image9990.jpg,Attire
image4260.jpg,Food
image3443.jpg,Food
image6730.jpg,misc
image3589.jpg,Attire
image5172.jpg,Food
image8990.jpg,misc
image9091.jpg,Attire
image8411.jpg,Food
image4238.jpg,Attire
image10550.jpg,Decorationandsignage
image997.jpg,Food
image7820.jpg,Decorationandsignage
image67.jpg,misc
image447.jpg,Food
image9566.jpg,Food
image3555.jpg,Food
image5639.jpg,Food
image4523.jpg,Food
image2162.jpg,misc
image6680.jpg,Attire
image10154.jpg,Food
image1967.jpg,Attire
image10853.jpg,Attire
image1611.jpg,Attire
image384.jpg,Attire
image3576.jpg,Attire
image6887.jpg,misc
image5841.jpg,misc
image1741.jpg,Attire
image9929.jpg,Attire
image5616.jpg,Attire
image391.jpg,Attire
image9640.jpg,Food
image6560.jpg,Attire
image4407.jpg,Decorationandsignage
image8176.jpg,Food
image4485.jpg,Food
image5795.jpg,Food
image4535.jpg,Attire
image876.jpg,misc
image9667.jpg,Food
image8836.jpg,Food
image706.jpg,Decorationandsignage
image8860.jpg,Food
image4463.jpg,misc
image10677.jpg,Decorationandsignage
image4708.jpg,misc
image9603.jpg,misc
image6798.jpg,Attire
image6612.jpg,Attire
image8256.jpg,Food
image8897.jpg,Food
image2434.jpg,Decorationandsignage
image2369.jpg,Attire
image961.jpg,misc
image8922.jpg,Attire
image90.jpg,Food
image9695.jpg,Attire
image849.jpg,Food
image8454.jpg,Food
image10733.jpg,misc
image697.jpg,Food
image9084.jpg,Attire
image5175.jpg,Food
image4695.jpg,Food
image10045.jpg,Food
image1531.jpg,Decorationandsignage
image4221.jpg,Attire
image4847.jpg,Food
image2658.jpg,Decorationandsignage
image889.jpg,misc
image2193.jpg,Food
image3508.jpg,Attire
image1396.jpg,Attire
image1416.jpg,Food
image2384.jpg,Decorationandsignage
image5844.jpg,misc
image8832.jpg,Food
image3509.jpg,misc
image8749.jpg,misc
image233.jpg,Food
image539.jpg,Decorationandsignage
image7600.jpg,misc
image10525.jpg,Attire
image3901.jpg,misc
image7094.jpg,misc
image9841.jpg,misc
image9927.jpg,Food
image2893.jpg,Decorationandsignage
image3617.jpg,Food
image9355.jpg,misc
image6216.jpg,Food
image8844.jpg,misc
image2606.jpg,Food
image4094.jpg,Attire
image5138.jpg,Food
image5085.jpg,Decorationandsignage
image10781.jpg,Food
image1158.jpg,Decorationandsignage
image4287.jpg,Food
image8798.jpg,Food
image6418.jpg,Attire
image5978.jpg,Food
image4482.jpg,Food
image8898.jpg,Attire
image5995.jpg,Attire
image5702.jpg,Food
image8581.jpg,Decorationandsignage
image2978.jpg,Attire
image615.jpg,Food
image5403.jpg,Attire
image2714.jpg,Attire
image8146.jpg,misc
image7774.jpg,Decorationandsignage
image8722.jpg,Attire
image496.jpg,Food
image2829.jpg,Decorationandsignage
image3535.jpg,misc
image6477.jpg,Attire
image2486.jpg,Attire
image8161.jpg,misc
image489.jpg,Attire
image6041.jpg,Food
image2642.jpg,Decorationandsignage
image9496.jpg,Decorationandsignage
image8533.jpg,Food
image8370.jpg,Food
image8802.jpg,misc
image5768.jpg,misc
image6461.jpg,misc
image8592.jpg,Food
image6700.jpg,Food
image7701.jpg,misc
image2377.jpg,Food
image9771.jpg,Attire
image5021.jpg,Attire
image5303.jpg,Food
image2454.jpg,Decorationandsignage
image219.jpg,Food
image8535.jpg,misc
image7070.jpg,Food
image2554.jpg,Food
image1093.jpg,Attire
image9507.jpg,Food
image8875.jpg,Food
image5853.jpg,Decorationandsignage
image5359.jpg,Food
image7718.jpg,misc
image10790.jpg,Decorationandsignage
image1265.jpg,Food
image3046.jpg,misc
image599.jpg,Decorationandsignage
image10104.jpg,Food
image7563.jpg,misc
image5802.jpg,Attire
image9711.jpg,misc
image7733.jpg,Food
image6042.jpg,Attire
image9035.jpg,Food
image8195.jpg,Food
image9339.jpg,Attire
image6217.jpg,Food
image10186.jpg,Food
image4192.jpg,Food
image1369.jpg,Food
image10504.jpg,Food
image9229.jpg,misc
image7997.jpg,Attire
image2637.jpg,Attire
image6886.jpg,Food
image3038.jpg,misc
image5980.jpg,Food
image7288.jpg,Attire
image6356.jpg,Food
image8050.jpg,Attire
image5619.jpg,Food
image6942.jpg,misc
image9172.jpg,misc
image8225.jpg,misc
image1757.jpg,Food
image4420.jpg,Food
image10295.jpg,Food
image627.jpg,Food
image3599.jpg,Food
image5585.jpg,Food
image111.jpg,Decorationandsignage
image5388.jpg,misc
image2443.jpg,misc
image9842.jpg,Food
image1272.jpg,Food
image6146.jpg,Food
image3517.jpg,misc
image7921.jpg,Food
image9038.jpg,Food
image6310.jpg,Food
image7747.jpg,misc
image10536.jpg,misc
image7818.jpg,Attire
image2065.jpg,Attire
image5022.jpg,Decorationandsignage
image6656.jpg,Decorationandsignage
image9282.jpg,misc
image5174.jpg,Attire
image7385.jpg,Attire
image5531.jpg,Attire
image9267.jpg,Food
image1513.jpg,Attire
image9203.jpg,misc
image5429.jpg,Attire
image345.jpg,Food
image5865.jpg,Attire
image4166.jpg,Decorationandsignage
image5750.jpg,misc
image1789.jpg,Food
image10029.jpg,Food
image2099.jpg,misc
image9435.jpg,Food
image10489.jpg,misc
image4842.jpg,Attire
image4656.jpg,Attire
image9967.jpg,Food
image9162.jpg,Attire
image2241.jpg,Attire
image9931.jpg,Attire
image9694.jpg,Attire
image6842.jpg,Food
image10754.jpg,Attire
image7574.jpg,Food
image2542.jpg,Attire
image8970.jpg,Attire
image9502.jpg,Attire
image5551.jpg,Food
image10235.jpg,Food
image6660.jpg,Food
image4439.jpg,Attire
image3164.jpg,Attire
image6473.jpg,Food
image6707.jpg,Attire
image5329.jpg,Attire
image6966.jpg,Decorationandsignage
image4103.jpg,Food
image1068.jpg,Attire
image8394.jpg,misc
image7388.jpg,Attire
image7449.jpg,Food
image9750.jpg,Attire
image7579.jpg,Food
image3748.jpg,Attire
image8718.jpg,Attire
image4098.jpg,Attire
image8240.jpg,Food
image691.jpg,Decorationandsignage
image1073.jpg,Food
image8097.jpg,Food
image9210.jpg,Attire
image186.jpg,Attire
image10276.jpg,Food
image8255.jpg,Food
image919.jpg,Decorationandsignage
image2718.jpg,Food
image7799.jpg,Attire
image10652.jpg,Food
image7229.jpg,Food
image9023.jpg,Food
image1713.jpg,Food
image747.jpg,misc
image3140.jpg,Food
image10843.jpg,Attire
image7783.jpg,Attire
image10291.jpg,misc
image7896.jpg,Food
image7389.jpg,Food
image2163.jpg,Food
image2968.jpg,Food
image8226.jpg,misc
image4350.jpg,Food
image4163.jpg,Decorationandsignage
image9434.jpg,Decorationandsignage
image10655.jpg,Food
image6714.jpg,Food
image6997.jpg,misc
image4194.jpg,Food
image7830.jpg,Food
image6044.jpg,misc
image3201.jpg,misc
image6219.jpg,Attire
image8792.jpg,misc
image10580.jpg,Food
image1702.jpg,Food
image4099.jpg,Attire
image859.jpg,Attire
image7688.jpg,misc
image10490.jpg,misc
image5928.jpg,Food
image10651.jpg,Food
image10313.jpg,Attire
image4631.jpg,Food
image5908.jpg,Food
image6663.jpg,Food
image8076.jpg,Attire
image10826.jpg,Decorationandsignage
image10137.jpg,misc
image4193.jpg,Decorationandsignage
image10130.jpg,Attire
image9128.jpg,Food
image5758.jpg,Attire
image3623.jpg,Decorationandsignage
image5012.jpg,Food
image9910.jpg,Attire
image3750.jpg,Decorationandsignage
image8883.jpg,Attire
image1998.jpg,Decorationandsignage
image9266.jpg,Food
image5454.jpg,Food
image4711.jpg,Decorationandsignage
image925.jpg,Food
image6144.jpg,Food
image319.jpg,Food
image6127.jpg,misc
image8475.jpg,Decorationandsignage
image6135.jpg,misc
image2546.jpg,Attire
image1032.jpg,Food
image3573.jpg,Food
image8989.jpg,Attire
image831.jpg,Decorationandsignage
image8084.jpg,Food
image7390.jpg,Decorationandsignage
image5833.jpg,Attire
image6263.jpg,Food
image4865.jpg,misc
image348.jpg,Attire
image9305.jpg,Food
image8212.jpg,Attire
image3778.jpg,Food
image3858.jpg,Attire
image9810.jpg,Food
image10713.jpg,Food
image611.jpg,Attire
image6101.jpg,Food
image3394.jpg,Attire
image9807.jpg,Food
image9573.jpg,misc
image10793.jpg,Attire
image9290.jpg,Food
image553.jpg,Attire
image4394.jpg,misc
image4209.jpg,Decorationandsignage
image10720.jpg,Food
image9149.jpg,misc
image10569.jpg,misc
image9304.jpg,Food
image642.jpg,Attire
image5221.jpg,misc
image1289.jpg,Decorationandsignage
image2685.jpg,Decorationandsignage
image442.jpg,Decorationandsignage
image2347.jpg,Attire
image1585.jpg,Food
image789.jpg,Attire
image9756.jpg,Food
image5651.jpg,misc
image5366.jpg,Decorationandsignage
image3578.jpg,misc
image6404.jpg,Attire
image5848.jpg,Decorationandsignage
image9592.jpg,Attire
image6343.jpg,misc
image650.jpg,misc
image8283.jpg,Attire
image887.jpg,Decorationandsignage
image7095.jpg,Food
image6712.jpg,Decorationandsignage
image10448.jpg,Attire
image1683.jpg,misc
image7552.jpg,misc
image4307.jpg,Food
image3806.jpg,misc
image7728.jpg,Attire
image7668.jpg,Attire
image4507.jpg,Food
image2397.jpg,Decorationandsignage
image10575.jpg,Food
image9758.jpg,Decorationandsignage
image9835.jpg,misc
image5491.jpg,Attire
image2577.jpg,misc
image3034.jpg,Attire
image1908.jpg,misc
image8179.jpg,Attire
image2626.jpg,Food
image9146.jpg,Decorationandsignage
image6933.jpg,misc
image3157.jpg,Decorationandsignage
image2860.jpg,misc
image10007.jpg,Attire
image9742.jpg,Attire
image2973.jpg,Decorationandsignage
image1566.jpg,Attire
image6653.jpg,misc
image7926.jpg,Food
image3400.jpg,Food
image10523.jpg,Attire
image2843.jpg,Attire
image3257.jpg,Food
image4322.jpg,misc
image3161.jpg,misc
image2398.jpg,Attire
image8925.jpg,Food
image8705.jpg,Attire
image8644.jpg,Food
image1176.jpg,misc
image28.jpg,Decorationandsignage
image4423.jpg,misc
image3759.jpg,Attire
image413.jpg,Food
image10527.jpg,Food
image1728.jpg,Attire
image3111.jpg,Attire
image4764.jpg,Food
image3971.jpg,misc
image2361.jpg,Decorationandsignage
image466.jpg,Attire
image10794.jpg,misc
image7216.jpg,Food
image6892.jpg,misc
image2821.jpg,Attire
image4693.jpg,misc
image177.jpg,Decorationandsignage
image8770.jpg,Food
image5930.jpg,Attire
image1891.jpg,Food
image1707.jpg,Decorationandsignage
image4609.jpg,Attire
image2532.jpg,Attire
image5749.jpg,Attire
image550.jpg,Attire
image4500.jpg,Attire
image3609.jpg,misc
image1114.jpg,Decorationandsignage
image4432.jpg,Attire
image4655.jpg,misc
image1975.jpg,Food
image7716.jpg,Food
image4064.jpg,Attire
image3786.jpg,Decorationandsignage
image5278.jpg,Decorationandsignage
image6635.jpg,Attire
image7897.jpg,Food
image3530.jpg,Food
image4426.jpg,Food
image1132.jpg,misc
image4281.jpg,Food
image4545.jpg,misc
image6643.jpg,Attire
image2477.jpg,Attire
image4501.jpg,Decorationandsignage
image7941.jpg,Food
image3416.jpg,Decorationandsignage
image4579.jpg,Food
image10086.jpg,Decorationandsignage
image5444.jpg,Decorationandsignage
image625.jpg,Attire
image7988.jpg,Attire
image817.jpg,Attire
image2408.jpg,Attire
image9497.jpg,Food
image3327.jpg,misc
image8118.jpg,Decorationandsignage
image4713.jpg,Decorationandsignage
image2204.jpg,Attire
image6069.jpg,Attire
image5292.jpg,Decorationandsignage
image5184.jpg,misc
image8006.jpg,Attire
image1394.jpg,misc
image771.jpg,Attire
image10538.jpg,Attire
image6870.jpg,Food
image984.jpg,misc
image16.jpg,Decorationandsignage
image3339.jpg,Attire
image103.jpg,Food
image1735.jpg,misc
image10649.jpg,Food
image229.jpg,Attire
image129.jpg,Decorationandsignage
image8531.jpg,Attire
image6703.jpg,Attire
image3694.jpg,Attire
image10699.jpg,misc
image8848.jpg,Attire
image1672.jpg,Attire
image383.jpg,Attire
image8353.jpg,Food
image8259.jpg,misc
image2429.jpg,Food
image8631.jpg,Food
image7490.jpg,misc
image8518.jpg,Food
image7864.jpg,misc
image2083.jpg,misc
image6152.jpg,Attire
image5791.jpg,Decorationandsignage
image5589.jpg,misc
image8914.jpg,Food
image5340.jpg,misc
image4071.jpg,Decorationandsignage
image952.jpg,misc
image4577.jpg,Decorationandsignage
image10315.jpg,misc
image5786.jpg,Decorationandsignage
image9764.jpg,Food
image4240.jpg,Food
image8142.jpg,Food
image8045.jpg,Food
image8892.jpg,Decorationandsignage
image10750.jpg,Food
image10852.jpg,Food
image4946.jpg,Food
image10584.jpg,Food
image8962.jpg,Attire
image5646.jpg,Attire
image1448.jpg,Food
image9512.jpg,Decorationandsignage
image501.jpg,Decorationandsignage
image3115.jpg,Food
image9994.jpg,Food
image10293.jpg,Food
image6776.jpg,Food
image1345.jpg,Attire
image105.jpg,Food
image1824.jpg,Attire
image429.jpg,Attire
image9952.jpg,Attire
image1749.jpg,Attire
image5139.jpg,Food
image7526.jpg,Food
image9766.jpg,misc
image7486.jpg,Decorationandsignage
image5524.jpg,Food
image70.jpg,Decorationandsignage
image7150.jpg,Food
image3521.jpg,Food
image8773.jpg,misc
image359.jpg,Decorationandsignage
image6293.jpg,Decorationandsignage
image7047.jpg,Attire
image3632.jpg,misc
image1023.jpg,Attire
image1947.jpg,Decorationandsignage
image10808.jpg,Attire
image8778.jpg,Attire
image4020.jpg,Attire
image1046.jpg,Food
image629.jpg,Food
image6184.jpg,Attire
image8906.jpg,misc
image982.jpg,Decorationandsignage
image724.jpg,Food
image10514.jpg,misc
image3424.jpg,misc
image6055.jpg,misc
image6503.jpg,Decorationandsignage
image7876.jpg,misc
image7310.jpg,Attire
image622.jpg,Food
image9737.jpg,Attire
image5815.jpg,misc
image7605.jpg,Food
image1066.jpg,Decorationandsignage
image9459.jpg,Attire
image8704.jpg,Food
image1045.jpg,Attire
image1835.jpg,Decorationandsignage
image10136.jpg,Attire
image5831.jpg,Attire
image1159.jpg,Food
image3341.jpg,Attire
image9460.jpg,misc
image9693.jpg,Attire
image8034.jpg,Decorationandsignage
image10800.jpg,Attire
image8180.jpg,Attire
image9607.jpg,Food
image2796.jpg,Food
image8596.jpg,Attire
image9784.jpg,Food
image1257.jpg,misc
image9946.jpg,Food
image10545.jpg,Attire
image8959.jpg,Food
image9679.jpg,Attire
image3717.jpg,misc
image6466.jpg,Food
image9616.jpg,Attire
image7678.jpg,Food
image2075.jpg,Food
image6727.jpg,misc
image327.jpg,misc
image1329.jpg,misc
image333.jpg,misc
image9535.jpg,Attire
image3170.jpg,Food
image10706.jpg,Food
image640.jpg,misc
image8561.jpg,Food
image2117.jpg,Food
image8932.jpg,misc
image331.jpg,Attire
image2523.jpg,Food
image4190.jpg,misc
image8783.jpg,misc
image1233.jpg,misc
image4028.jpg,Attire
image7729.jpg,Attire
image4809.jpg,misc
image4333.jpg,Decorationandsignage
image5907.jpg,Food
image5028.jpg,misc
image1759.jpg,misc
image6804.jpg,Attire
image8008.jpg,Decorationandsignage
image9233.jpg,Food
image8294.jpg,Food
image2494.jpg,Food
image2395.jpg,Attire
image5064.jpg,Food
image2077.jpg,Food
image2574.jpg,Food
image4701.jpg,Food
image3992.jpg,Attire
image7577.jpg,Attire
image4856.jpg,Food
image8757.jpg,Attire
image7547.jpg,Food
image5436.jpg,Food
image2260.jpg,misc
image1678.jpg,Food
image45.jpg,Food
image8627.jpg,Attire
image6196.jpg,Food
image10585.jpg,misc
image2696.jpg,Attire
image9297.jpg,Food
image9083.jpg,Attire
image9254.jpg,Decorationandsignage
image330.jpg,Food
image5840.jpg,Attire
image6283.jpg,Food
image1884.jpg,Attire
image10061.jpg,misc
image1807.jpg,misc
image7165.jpg,Food
image1427.jpg,Attire
image674.jpg,Attire
image6249.jpg,Attire
image1382.jpg,misc
image8996.jpg,Attire
image6967.jpg,Decorationandsignage
image3639.jpg,Food
image3933.jpg,Food
image644.jpg,misc
image6642.jpg,Attire
image8114.jpg,Attire
image7785.jpg,Attire
image3493.jpg,misc
image7557.jpg,Food
image5179.jpg,Attire
image5121.jpg,Attire
image10531.jpg,misc
image9088.jpg,Attire
image10389.jpg,misc
image6752.jpg,misc
image8955.jpg,Food
image8290.jpg,Decorationandsignage
image2367.jpg,Attire
image77.jpg,Attire
image1704.jpg,Food
image10573.jpg,Decorationandsignage
image3383.jpg,Attire
image10132.jpg,Attire
image8671.jpg,Decorationandsignage
image3920.jpg,Food
image4414.jpg,Attire
image7525.jpg,misc
image3624.jpg,misc
image758.jpg,Food
image5701.jpg,Food
image10857.jpg,Attire
image80.jpg,Food
image9716.jpg,Attire
image6523.jpg,Food
image10782.jpg,Food
image3802.jpg,misc
image3969.jpg,Attire
image1292.jpg,Attire
image10398.jpg,Decorationandsignage
image9103.jpg,misc
image5997.jpg,Food
image570.jpg,misc
image7806.jpg,Decorationandsignage
image5473.jpg,Attire
image2903.jpg,Food
image2358.jpg,Food
image9042.jpg,Attire
image9522.jpg,misc
image8163.jpg,Food
image7293.jpg,Decorationandsignage
image5305.jpg,Food
image2564.jpg,Attire
image10635.jpg,Attire
image10274.jpg,Attire
image9287.jpg,Attire
image7197.jpg,Food
image1798.jpg,Attire
image8663.jpg,Food
image7332.jpg,Food
image10423.jpg,Attire
image2931.jpg,Food
image1347.jpg,Attire
image8908.jpg,Attire
image4796.jpg,Food
image727.jpg,Attire
image3606.jpg,Food
image9949.jpg,Attire
image4515.jpg,misc
image3457.jpg,Food
image719.jpg,Attire
image10095.jpg,Food
image7947.jpg,Food
image624.jpg,Attire
image9606.jpg,Food
image3222.jpg,Attire
image3220.jpg,Food
image6018.jpg,Food
image3008.jpg,Food
image3725.jpg,misc
image5142.jpg,misc
image5601.jpg,Decorationandsignage
image7531.jpg,Decorationandsignage
image7771.jpg,Food
image10472.jpg,Food
image8542.jpg,misc
image5669.jpg,Food
image7964.jpg,Food
image2965.jpg,misc
image6551.jpg,Food
image5186.jpg,Food
image9324.jpg,Food
image778.jpg,misc
image2862.jpg,Food
image5128.jpg,Attire
image610.jpg,Decorationandsignage
image5053.jpg,Attire
image4494.jpg,Food
image2985.jpg,Attire
image911.jpg,Food
image4351.jpg,Attire
image10177.jpg,Food
image8717.jpg,Food
image6935.jpg,Food
image6496.jpg,Food
image9327.jpg,Food
image520.jpg,misc
image5917.jpg,Attire
image7225.jpg,Attire
image920.jpg,Food
image7756.jpg,Attire
image10060.jpg,Food
image3722.jpg,Food
image10883.jpg,Food
image9658.jpg,Attire
image7136.jpg,Food
image785.jpg,Attire
image5193.jpg,Food
image10851.jpg,misc
image8243.jpg,Food
image5051.jpg,misc
image8365.jpg,misc
image4661.jpg,Food
image6898.jpg,Attire
image4273.jpg,misc
image6401.jpg,Food
image9427.jpg,Food
image10571.jpg,Food
image9732.jpg,misc
image4633.jpg,Food
image3498.jpg,Attire
image8560.jpg,Attire
image6780.jpg,Food
image6300.jpg,misc
image5776.jpg,misc
image2826.jpg,Decorationandsignage
image9906.jpg,Food
image9263.jpg,Food
image3692.jpg,Food
image7203.jpg,Food
image8920.jpg,Decorationandsignage
image10015.jpg,Attire
image562.jpg,Food
image2450.jpg,Food
image7819.jpg,Food
image4868.jpg,Food
image9845.jpg,Attire
image4536.jpg,Decorationandsignage
image7441.jpg,Food
image704.jpg,Decorationandsignage
image1063.jpg,Attire
image4761.jpg,Food
image7316.jpg,Attire
image2517.jpg,Food
image2018.jpg,Food
image3613.jpg,Food
image7937.jpg,misc
image6287.jpg,Attire
image6723.jpg,Decorationandsignage
image6279.jpg,Food
image6032.jpg,Attire
image3118.jpg,Food
image8661.jpg,Attire
image2770.jpg,misc
image5581.jpg,misc
image2268.jpg,Food
image2761.jpg,Food
image5058.jpg,Attire
image1810.jpg,misc
image5751.jpg,Decorationandsignage
image3524.jpg,Attire
image3492.jpg,Attire
image4347.jpg,Attire
image4975.jpg,Food
image2840.jpg,Food
image4096.jpg,Decorationandsignage
image4175.jpg,Attire
image5913.jpg,Attire
image7925.jpg,Decorationandsignage
image8866.jpg,misc
image2383.jpg,Attire
image10442.jpg,Attire
image8057.jpg,Attire
image10152.jpg,Attire
image6017.jpg,Food
image3979.jpg,Attire
image2587.jpg,Attire
image10213.jpg,misc
image5977.jpg,Decorationandsignage
image2712.jpg,Food
image6397.jpg,misc
image4015.jpg,Food
image10873.jpg,Food
image2247.jpg,misc
image10532.jpg,Attire
image10593.jpg,Food
image1808.jpg,Attire
image5764.jpg,Food
image10647.jpg,Food
image7507.jpg,misc
image10110.jpg,Attire
image9414.jpg,misc
image3846.jpg,Decorationandsignage
image5973.jpg,Attire
image2635.jpg,misc
image10118.jpg,Attire
image4472.jpg,Food
image404.jpg,Food
image9794.jpg,misc
image4078.jpg,Food
image420.jpg,Decorationandsignage
image2516.jpg,Food
image5981.jpg,Food
image9152.jpg,Decorationandsignage
image8405.jpg,Decorationandsignage
image3089.jpg,Decorationandsignage
image10732.jpg,Attire
image6716.jpg,Attire
image1876.jpg,misc
image5864.jpg,Decorationandsignage
image6301.jpg,Food
image3287.jpg,Food
image315.jpg,Food
image6309.jpg,Attire
image9272.jpg,Food
image6995.jpg,Attire
image2312.jpg,Attire
image7481.jpg,misc
image8160.jpg,misc
image9479.jpg,Attire
image7610.jpg,misc
image1266.jpg,Attire
image2288.jpg,misc
image10188.jpg,Food
image8425.jpg,misc
image9500.jpg,Decorationandsignage
image9129.jpg,Food
image9402.jpg,Attire
image10369.jpg,Decorationandsignage
image2664.jpg,Food
image9856.jpg,Food
image3869.jpg,misc
image3066.jpg,Attire
image9070.jpg,Attire
image9138.jpg,Decorationandsignage
image7990.jpg,Food
image5287.jpg,Food
image3986.jpg,Food
image1081.jpg,Attire
image3733.jpg,Food
image10063.jpg,Food
image6504.jpg,Attire
image3210.jpg,misc
image7591.jpg,Attire
image4550.jpg,Attire
image2936.jpg,misc
image9433.jpg,Decorationandsignage
image2469.jpg,Food
image2300.jpg,Food
image7200.jpg,misc
image9338.jpg,Attire
image4992.jpg,misc
image10759.jpg,Food
image1278.jpg,Decorationandsignage
image9417.jpg,misc
image3921.jpg,Attire
image64.jpg,Attire
image86.jpg,Decorationandsignage
image4304.jpg,Food
image6939.jpg,misc
image10463.jpg,Attire
image6769.jpg,misc
image5231.jpg,Food
image9657.jpg,Attire
image10283.jpg,misc
image6926.jpg,Decorationandsignage
image3412.jpg,Attire
image6369.jpg,Attire
image6112.jpg,Attire
image3148.jpg,Decorationandsignage
image5904.jpg,Food
image10202.jpg,Attire
image3458.jpg,Attire
image2991.jpg,Decorationandsignage
image7237.jpg,misc
image8252.jpg,misc
image5829.jpg,Food
image8635.jpg,misc
image8143.jpg,Attire
image7211.jpg,Food
image9727.jpg,Attire
image3596.jpg,Food
image6174.jpg,Food
image9796.jpg,Food
image4262.jpg,Attire
image4795.jpg,Food
image2831.jpg,Attire
image5755.jpg,Decorationandsignage
image6254.jpg,Food
image2346.jpg,Attire
image8694.jpg,Food
image908.jpg,Decorationandsignage
image10801.jpg,Attire
image9809.jpg,Attire
image5286.jpg,Attire
image2899.jpg,Decorationandsignage
image9980.jpg,Attire
image9850.jpg,Food
image9141.jpg,Food
image7915.jpg,Food
image3232.jpg,Food
image6261.jpg,Attire
image7035.jpg,Attire
image7465.jpg,Food
image6564.jpg,Decorationandsignage
image7911.jpg,misc
image10646.jpg,Attire
image4072.jpg,Food
image4496.jpg,Attire
image8945.jpg,Decorationandsignage
image9935.jpg,Attire
image8861.jpg,misc
image4623.jpg,misc
image8285.jpg,Food
image2296.jpg,Attire
image7075.jpg,Food
image798.jpg,Decorationandsignage
image7327.jpg,Food
image4131.jpg,misc
image8460.jpg,misc
image6457.jpg,Attire
image7705.jpg,Food
image9335.jpg,Food
image123.jpg,Attire
image8745.jpg,Attire
image2290.jpg,Food
image5951.jpg,Food
image6669.jpg,Decorationandsignage
image395.jpg,Food
image2081.jpg,Food
image8338.jpg,misc
image1904.jpg,misc
image8534.jpg,misc
image9487.jpg,Attire
image482.jpg,Decorationandsignage
image3295.jpg,misc
image1069.jpg,Decorationandsignage
image6982.jpg,Attire
image6186.jpg,Attire
image10226.jpg,Food
image8721.jpg,misc
image1434.jpg,Attire
image7558.jpg,Food
image5821.jpg,Decorationandsignage
image227.jpg,Food
image1463.jpg,Food
image7074.jpg,Food
image9595.jpg,Attire
image9917.jpg,Food
image9306.jpg,Food
image834.jpg,Food
image9622.jpg,Food
image5993.jpg,Attire
image10702.jpg,Food
image2785.jpg,Food
image6464.jpg,Attire
image5262.jpg,misc
image10887.jpg,Food
image2508.jpg,Food
image1482.jpg,Decorationandsignage
image5918.jpg,misc
image9818.jpg,Attire
image4295.jpg,Food
image3741.jpg,misc
image3791.jpg,Attire
image263.jpg,Food
image10303.jpg,Attire
image2419.jpg,Food
image9579.jpg,Attire
image5434.jpg,Attire
image6388.jpg,Food
image2569.jpg,Food
image2000.jpg,misc
image10483.jpg,Decorationandsignage
image4388.jpg,Food
image1352.jpg,misc
image3137.jpg,misc
image6948.jpg,misc
image5369.jpg,Attire
image1833.jpg,Attire
image10138.jpg,Decorationandsignage
image6440.jpg,Attire
image10686.jpg,Food
image9245.jpg,Food
image2687.jpg,Attire
image2341.jpg,misc
image10681.jpg,misc
image5808.jpg,Food
image9504.jpg,Decorationandsignage
image7260.jpg,Food
image2827.jpg,misc
image1115.jpg,Food
image5694.jpg,Decorationandsignage
image7866.jpg,Food
image8343.jpg,Food
image9373.jpg,misc
image3904.jpg,misc
image1139.jpg,Food
image4321.jpg,Decorationandsignage
image8371.jpg,Food
image4336.jpg,Decorationandsignage
image7077.jpg,Decorationandsignage
image7748.jpg,Attire
image10805.jpg,Decorationandsignage
image8950.jpg,Food
image966.jpg,misc
image9050.jpg,Decorationandsignage
image2709.jpg,Attire
image2291.jpg,misc
image708.jpg,Food
image3730.jpg,misc
image2012.jpg,Food
image5159.jpg,Food
image115.jpg,misc
image2536.jpg,Food
image9399.jpg,Food
image9080.jpg,Attire
image10642.jpg,Food
image10218.jpg,Food
image8777.jpg,Attire
image6027.jpg,Attire
image6590.jpg,Attire
image1587.jpg,Food
image3091.jpg,Decorationandsignage
image4328.jpg,misc
image10557.jpg,misc
image5594.jpg,Attire
image9063.jpg,Food
image1878.jpg,Food
image97.jpg,misc
image10701.jpg,misc
image6765.jpg,Decorationandsignage
image1380.jpg,Decorationandsignage
image9485.jpg,misc
image5719.jpg,Food
image283.jpg,Attire
image10503.jpg,Food
image2195.jpg,misc
image2498.jpg,Food
image4247.jpg,Attire
image6542.jpg,misc
image1210.jpg,Decorationandsignage
image4744.jpg,Attire
image2201.jpg,Decorationandsignage
image7250.jpg,Attire
image366.jpg,misc
image9387.jpg,Food
image6974.jpg,misc
image7429.jpg,Attire
image3308.jpg,misc
image4855.jpg,misc
image7551.jpg,Attire
image8325.jpg,misc
image5145.jpg,Attire
image3534.jpg,Attire
image5206.jpg,Food
image10125.jpg,Attire
image7384.jpg,Attire
image7066.jpg,Food
image4119.jpg,Food
image6868.jpg,misc
image25.jpg,Food
image6800.jpg,Food
image10543.jpg,misc
image716.jpg,Attire
image10279.jpg,Attire
image10285.jpg,Food
image851.jpg,Food
image4803.jpg,Food
image4522.jpg,Attire
image6996.jpg,Attire
image7615.jpg,Decorationandsignage
image7673.jpg,Decorationandsignage
image27.jpg,misc
image2140.jpg,Food
image10498.jpg,Food
image9456.jpg,Attire
image2173.jpg,Food
image2255.jpg,Food
image9855.jpg,Attire
image3273.jpg,Attire
image5483.jpg,Food
image8876.jpg,Food
image10636.jpg,Food
image7005.jpg,misc
image6546.jpg,Attire
image1428.jpg,Attire
image4694.jpg,Attire
image8284.jpg,Food
image4600.jpg,Attire
image6181.jpg,Food
image2855.jpg,Decorationandsignage
image9963.jpg,Attire
image7912.jpg,Decorationandsignage
image4571.jpg,Food
image2654.jpg,Decorationandsignage
image83.jpg,Attire
image6754.jpg,Food
image9848.jpg,Food
image10020.jpg,Food
image2939.jpg,misc
image8911.jpg,misc
image2656.jpg,misc
image6408.jpg,Food
image5322.jpg,misc
image8795.jpg,Attire
image10615.jpg,Food
image804.jpg,Food
image1875.jpg,misc
image4814.jpg,Food
image9598.jpg,Attire
image7831.jpg,Attire
image7020.jpg,Attire
image10672.jpg,Food
image8089.jpg,misc
image5289.jpg,Food
image1701.jpg,Attire
image8850.jpg,misc
image8805.jpg,misc
image4876.jpg,Food
image1411.jpg,Food
image10619.jpg,Food
image9045.jpg,Decorationandsignage
image10786.jpg,Attire
image9541.jpg,misc
image10339.jpg,Attire
image3719.jpg,Decorationandsignage
image3993.jpg,Decorationandsignage
image8929.jpg,Food
image2970.jpg,Food
image9204.jpg,misc
image17.jpg,Attire
image9226.jpg,Attire
image10299.jpg,misc
image8157.jpg,Food
image6832.jpg,Food
image7113.jpg,misc
image10798.jpg,misc
image5946.jpg,misc
image8085.jpg,misc
image10273.jpg,Attire
image6008.jpg,Attire
image9625.jpg,Attire
image1782.jpg,Food
image2737.jpg,misc
image8336.jpg,misc
image3373.jpg,Attire
image5298.jpg,misc
image3225.jpg,Attire
image10667.jpg,Food
image4314.jpg,misc
image1934.jpg,Decorationandsignage
image10560.jpg,Food
image7056.jpg,Food
image7447.jpg,misc
image5209.jpg,Attire
image9166.jpg,misc
image5976.jpg,Attire
image3158.jpg,Attire
image10492.jpg,Food
image9439.jpg,Attire
image5294.jpg,Attire
image8900.jpg,Food
image7923.jpg,Food
image8426.jpg,Food
image4584.jpg,Attire
image7051.jpg,Attire
image4979.jpg,Food
image4085.jpg,misc
image8514.jpg,Decorationandsignage
image7307.jpg,Food
image9984.jpg,Attire
image6649.jpg,Food
image8388.jpg,Food
image2266.jpg,Attire
image4626.jpg,Food
image7069.jpg,Decorationandsignage
image5793.jpg,misc
image6889.jpg,Food
image6472.jpg,Decorationandsignage
image10758.jpg,Attire
image3134.jpg,Attire
image2902.jpg,Food
image3547.jpg,Food
image91.jpg,misc
image916.jpg,Attire
image8211.jpg,misc
image10175.jpg,Food
image4161.jpg,Food
image10533.jpg,Attire
image10395.jpg,Food
image1615.jpg,Food
image7053.jpg,misc
image9011.jpg,Attire
image65.jpg,Attire
image2069.jpg,Food
image2673.jpg,Food
image3031.jpg,Food
image9483.jpg,Attire
image4188.jpg,Attire
image3833.jpg,misc
image4430.jpg,Decorationandsignage
image7139.jpg,Food
image4599.jpg,misc
image9740.jpg,Food
image521.jpg,Food
image5515.jpg,Attire
image764.jpg,Decorationandsignage
image7042.jpg,Food
image1467.jpg,Food
image6396.jpg,Attire
image210.jpg,Attire
image3504.jpg,Attire
image5346.jpg,Attire
image3035.jpg,Attire
image10601.jpg,Attire
image3172.jpg,Attire
image6938.jpg,Food
image8939.jpg,Food
image3910.jpg,Food
image187.jpg,misc
image9875.jpg,Decorationandsignage
image9415.jpg,Food
image9669.jpg,Attire
image655.jpg,Attire
image1638.jpg,Food
image7174.jpg,Food
image3907.jpg,Food
image2787.jpg,Attire
image6774.jpg,Food
image6045.jpg,Food
image6371.jpg,Attire
image10868.jpg,Food
image894.jpg,misc
image7459.jpg,misc
image5519.jpg,Decorationandsignage
image8995.jpg,Food
image7298.jpg,Food
image6576.jpg,Food
image9377.jpg,Food
image6921.jpg,misc
image6721.jpg,misc
image5560.jpg,Attire
image3781.jpg,Food
image5260.jpg,Food
image3559.jpg,Food
image3863.jpg,Food
image6676.jpg,Food
image4974.jpg,misc
image10723.jpg,misc
image2219.jpg,Decorationandsignage
image1568.jpg,Food
image1957.jpg,Food
image78.jpg,Attire
image3832.jpg,Attire
image9680.jpg,Attire
image5543.jpg,Food
image6973.jpg,Food
image8214.jpg,Food
image7409.jpg,Attire
image8186.jpg,Food
image3180.jpg,Attire
image4686.jpg,Food
image8488.jpg,misc
image2607.jpg,Decorationandsignage
image9762.jpg,Decorationandsignage
image10173.jpg,Food
image4310.jpg,misc
image5013.jpg,Food
image10192.jpg,misc
image1167.jpg,misc
image2396.jpg,Food
image5490.jpg,Attire
image5452.jpg,misc
image2128.jpg,Attire
image7880.jpg,Attire
image436.jpg,Food
image2628.jpg,Food
image10234.jpg,Attire
image8997.jpg,Attire
image9187.jpg,misc
image4048.jpg,misc
image110.jpg,misc
image10668.jpg,Food
image3963.jpg,Food
image3558.jpg,Decorationandsignage
image10268.jpg,Decorationandsignage
image3913.jpg,Food
image9046.jpg,Food
image8235.jpg,misc
image1814.jpg,Food
image8971.jpg,Decorationandsignage
image1435.jpg,Food
image8366.jpg,Decorationandsignage
image310.jpg,Attire
image10766.jpg,Food
image2031.jpg,Food
image1787.jpg,Attire
image2784.jpg,Food
image9735.jpg,Attire
image1155.jpg,misc
image6767.jpg,Food
image1363.jpg,Decorationandsignage
image5763.jpg,misc
image7009.jpg,Food
image6570.jpg,Decorationandsignage
image5905.jpg,misc
image3009.jpg,Attire
image3693.jpg,Attire
image1538.jpg,misc
image734.jpg,Food
image5790.jpg,Food
image4993.jpg,Food
image2803.jpg,Food
image6424.jpg,Food
image9567.jpg,misc
image4762.jpg,Food
image1676.jpg,Food
image2063.jpg,Attire
image10629.jpg,Decorationandsignage
image4203.jpg,Attire
image8547.jpg,Decorationandsignage
image4783.jpg,Attire
image2005.jpg,misc
image10817.jpg,misc
image10582.jpg,Decorationandsignage
image5218.jpg,Attire
image3313.jpg,misc
image4036.jpg,Food
image4670.jpg,Attire
image3727.jpg,Food
image1533.jpg,Decorationandsignage
image2210.jpg,misc
image4741.jpg,Food
image4349.jpg,Attire
image5336.jpg,Food
image9908.jpg,Food
image2631.jpg,Decorationandsignage
image2082.jpg,Attire
image2196.jpg,Attire
image9390.jpg,Food
image3936.jpg,Food
image7946.jpg,Decorationandsignage
image5698.jpg,Food
image9412.jpg,Attire
image7088.jpg,Attire
image6001.jpg,Decorationandsignage
image3323.jpg,misc
image376.jpg,Attire
image8100.jpg,Attire
image4474.jpg,Food
image7891.jpg,Food
image8759.jpg,Attire
image5985.jpg,Food
image4449.jpg,Food
image6441.jpg,Attire
image4061.jpg,Decorationandsignage
image10778.jpg,Food
image405.jpg,misc
image9714.jpg,Food
image2100.jpg,Attire
image7161.jpg,Food
image1424.jpg,Decorationandsignage
image479.jpg,misc
image9844.jpg,misc
image4144.jpg,misc
image6307.jpg,Food
image3190.jpg,Food
image8926.jpg,Attire
image3549.jpg,misc
image7580.jpg,misc
image2512.jpg,misc
image10799.jpg,Attire
image983.jpg,Decorationandsignage
image4288.jpg,Decorationandsignage
image2746.jpg,Attire
image2051.jpg,misc
image9065.jpg,Food
image7124.jpg,Food
image1279.jpg,misc
image9588.jpg,Food
image6715.jpg,Food
image10796.jpg,misc
image295.jpg,Attire
image10311.jpg,Food
image3990.jpg,misc
image5656.jpg,Food
image7333.jpg,Attire
image2998.jpg,Food
image7470.jpg,misc
image7715.jpg,Food
image60.jpg,Attire
image9051.jpg,Attire
image6004.jpg,Attire
image5509.jpg,Food
image4614.jpg,misc
image4216.jpg,misc
image8813.jpg,Attire
image8479.jpg,Food
image2652.jpg,Attire
image6376.jpg,Food
image5611.jpg,Food
image3651.jpg,Food
image9543.jpg,Attire
image4294.jpg,Food
image4415.jpg,Attire
image7213.jpg,Attire
image10493.jpg,Food
image2186.jpg,Food
image9863.jpg,misc
image603.jpg,Food
image7680.jpg,Attire
image3054.jpg,Food
image2307.jpg,Attire
image1067.jpg,Attire
image8019.jpg,Food
image5280.jpg,Food
image7006.jpg,Attire
image8447.jpg,Food
image7546.jpg,Decorationandsignage
image6304.jpg,Food
image4.jpg,Attire
image3941.jpg,Decorationandsignage
image4971.jpg,Food
image9739.jpg,misc
image3539.jpg,Decorationandsignage
image406.jpg,Decorationandsignage
image6918.jpg,Food
image5428.jpg,Attire
image9114.jpg,Decorationandsignage
image6638.jpg,Food
image6302.jpg,misc
image7119.jpg,Attire
image3020.jpg,Attire
image8796.jpg,Attire
image5545.jpg,Decorationandsignage
image311.jpg,Decorationandsignage
image4553.jpg,Food
image9635.jpg,Attire
image5106.jpg,Food
image6705.jpg,Attire
image9067.jpg,misc
image7786.jpg,Attire
image2002.jpg,misc
image9318.jpg,Food
image9395.jpg,Food
image679.jpg,Food
image5695.jpg,misc
image5643.jpg,Attire
image2198.jpg,misc
image757.jpg,Attire
image8701.jpg,Decorationandsignage
image4326.jpg,Food
image4011.jpg,Attire
image10149.jpg,misc
image3769.jpg,Attire
image4021.jpg,Attire
image10763.jpg,Attire
image3078.jpg,Food
image1446.jpg,Attire
image6143.jpg,Decorationandsignage
image8037.jpg,Attire
image5060.jpg,Decorationandsignage
image5190.jpg,Decorationandsignage
image9940.jpg,Attire
image9618.jpg,Food
image10738.jpg,Decorationandsignage
image9369.jpg,Decorationandsignage
image5308.jpg,misc
image2588.jpg,Attire
image1286.jpg,Food
image8575.jpg,Decorationandsignage
image9209.jpg,Food
image2249.jpg,Attire
image8356.jpg,Attire
image815.jpg,Attire
image4908.jpg,misc
image3213.jpg,misc
image7341.jpg,Food
image9031.jpg,misc
image5629.jpg,Attire
image281.jpg,Food
image4451.jpg,misc
image4457.jpg,Attire
image6853.jpg,Attire
image7725.jpg,Attire
image6756.jpg,Attire
image2093.jpg,Attire
image10019.jpg,Food
image10195.jpg,Attire
image5160.jpg,Food
image4997.jpg,Attire
image9176.jpg,misc
image2392.jpg,Food
image5852.jpg,Food
image2462.jpg,Food
image6710.jpg,Food
image7910.jpg,Attire
image7039.jpg,Attire
image4942.jpg,Food
image1012.jpg,Food
image4239.jpg,misc
image4825.jpg,Decorationandsignage
image7743.jpg,Food
image1353.jpg,Food
image7614.jpg,Food
image6190.jpg,Food
image9289.jpg,misc
image4703.jpg,Attire
image1946.jpg,misc
image5323.jpg,Food
image4573.jpg,Food
image976.jpg,Attire
image4774.jpg,Attire
image8654.jpg,Attire
image4398.jpg,Decorationandsignage
image1307.jpg,misc
image3113.jpg,Decorationandsignage
image9186.jpg,Food
image7321.jpg,Attire
image2819.jpg,Attire
image4404.jpg,Food
image6725.jpg,Attire
image7173.jpg,misc
image3098.jpg,Attire
image4285.jpg,Food
image9776.jpg,Food
image4880.jpg,Decorationandsignage
image10680.jpg,Decorationandsignage
image9014.jpg,misc
image3088.jpg,Food
image4372.jpg,Attire
image4806.jpg,misc
image402.jpg,misc
image5251.jpg,Food
image5338.jpg,Food
image2127.jpg,misc
image1925.jpg,Attire
image2115.jpg,Decorationandsignage
image5568.jpg,Food
image6104.jpg,Decorationandsignage
image9630.jpg,misc
image9682.jpg,Decorationandsignage
image8416.jpg,Food
image10462.jpg,Food
image3598.jpg,Decorationandsignage
image8023.jpg,Attire
image2120.jpg,Food
image1630.jpg,misc
image3080.jpg,misc
image10471.jpg,Food
image8249.jpg,Attire
image5321.jpg,Food
image6253.jpg,Attire
image8904.jpg,Attire
image8969.jpg,Food
image5709.jpg,misc
image9823.jpg,Food
image5066.jpg,Attire
image6785.jpg,misc
image10101.jpg,misc
image6093.jpg,misc
image9365.jpg,Food
image61.jpg,Decorationandsignage
image4081.jpg,Attire
image2364.jpg,misc
image8377.jpg,Food
image9971.jpg,Food
image8915.jpg,misc
image8768.jpg,Attire
image1693.jpg,misc
image3968.jpg,Food
image9489.jpg,misc
image9692.jpg,misc
image3226.jpg,misc
image1719.jpg,Attire
image4622.jpg,Decorationandsignage
image1166.jpg,Decorationandsignage
image9455.jpg,misc
image3607.jpg,Food
image7010.jpg,misc
image3669.jpg,Food
image3533.jpg,misc
image735.jpg,Food
image2004.jpg,Food
image7770.jpg,Food
image7329.jpg,Food
image1088.jpg,Food
image10600.jpg,misc
image7629.jpg,Food
image4634.jpg,Attire
image7063.jpg,Food
image10803.jpg,misc
image2026.jpg,Food
image7158.jpg,misc
image8031.jpg,misc
image3914.jpg,misc
image10458.jpg,Food
image10071.jpg,Food
image2861.jpg,Food
image5086.jpg,Decorationandsignage
image8501.jpg,Food
image4739.jpg,Food
image1160.jpg,Food
image7398.jpg,Decorationandsignage
image857.jpg,misc
image9568.jpg,misc
image5916.jpg,Food
image8886.jpg,misc
image6739.jpg,Decorationandsignage
image628.jpg,misc
image9726.jpg,Food
image888.jpg,Attire
image6946.jpg,Food
image10812.jpg,Attire
image556.jpg,Attire
image7686.jpg,Food
image7427.jpg,misc
image2071.jpg,Decorationandsignage
image9300.jpg,Food
image6644.jpg,Attire
image1337.jpg,Attire
image9741.jpg,Attire
image7607.jpg,Food
image5276.jpg,Food
image5508.jpg,Food
image9514.jpg,Food
image8281.jpg,Food
image7019.jpg,Decorationandsignage
image10666.jpg,Food
image4543.jpg,Decorationandsignage
image7638.jpg,Food
image5739.jpg,misc
image6679.jpg,Decorationandsignage
image786.jpg,misc
image3837.jpg,misc
image526.jpg,Food
image3956.jpg,Attire
image7713.jpg,Attire
image9947.jpg,Food
image3132.jpg,misc
image8519.jpg,Food
image7938.jpg,misc
image6086.jpg,misc
image9608.jpg,Decorationandsignage
image4358.jpg,Food
image7665.jpg,Food
image6412.jpg,Decorationandsignage
image3638.jpg,misc
image6298.jpg,misc
image1648.jpg,Decorationandsignage
image3071.jpg,Food
image9059.jpg,Attire
image8041.jpg,Attire
image2178.jpg,Attire
image9093.jpg,Attire
image2813.jpg,Food
image7508.jpg,Food
image7739.jpg,Attire
image10563.jpg,Food
image4084.jpg,Food
image6944.jpg,Food
image5415.jpg,misc
image1381.jpg,Attire
image8554.jpg,Attire
image898.jpg,misc
image9710.jpg,Food
image1130.jpg,Attire
image1583.jpg,Food
image6306.jpg,Food
image9284.jpg,Attire
image981.jpg,Attire
image2293.jpg,Decorationandsignage
image5010.jpg,Decorationandsignage
image7469.jpg,Food
image9918.jpg,Attire
image3840.jpg,Food
image9358.jpg,misc
image7480.jpg,Food
image4312.jpg,misc
image5547.jpg,Food
image4831.jpg,Food
image909.jpg,Food
image9151.jpg,Food
image9570.jpg,Attire
image8038.jpg,Decorationandsignage
image10814.jpg,Food
image10663.jpg,Attire
image726.jpg,Food
image5998.jpg,Food
image9366.jpg,misc
image10069.jpg,Food
image3453.jpg,Attire
image1744.jpg,Attire
image863.jpg,Food
image4663.jpg,misc
image3703.jpg,Food
image1849.jpg,Food
image5489.jpg,Food
image6924.jpg,Decorationandsignage
image4715.jpg,misc
image7291.jpg,Attire
image10712.jpg,misc
image1254.jpg,Attire
image2097.jpg,misc
image8483.jpg,Attire
image4257.jpg,Attire
image8361.jpg,Food
image8879.jpg,Attire
image7219.jpg,Attire
image10606.jpg,misc
image8196.jpg,misc
image4603.jpg,misc
image8236.jpg,Food
image9515.jpg,Food
image8209.jpg,Attire
image3633.jpg,Food
image305.jpg,misc
image8409.jpg,Attire
image9171.jpg,misc
image3169.jpg,Food
image3350.jpg,misc
image10121.jpg,Food
image2324.jpg,Food
image1921.jpg,Food
image8557.jpg,Attire
image4282.jpg,Food
image7234.jpg,misc
image1273.jpg,Food
image9264.jpg,Attire
image3662.jpg,Food
image9830.jpg,misc
image7488.jpg,Food
image944.jpg,Attire
image7998.jpg,Food
image4112.jpg,Attire
image4243.jpg,Food
image4357.jpg,Attire
image2598.jpg,Attire
image765.jpg,Food
image3466.jpg,Food
image8574.jpg,Food
image10847.jpg,Food
image10335.jpg,Attire
image8829.jpg,Decorationandsignage
image2141.jpg,Food
image7471.jpg,Food
image7958.jpg,Food
image2472.jpg,Food
image2234.jpg,Food
image5224.jpg,Attire
image790.jpg,Food
image9738.jpg,Attire
image4632.jpg,Decorationandsignage
image4189.jpg,Decorationandsignage
image2852.jpg,Decorationandsignage
image8608.jpg,Food
image5341.jpg,Food
image6115.jpg,Attire
image10334.jpg,Food
image2453.jpg,Food
image7514.jpg,Decorationandsignage
image7797.jpg,Decorationandsignage
image4305.jpg,misc
image6585.jpg,Attire
image4396.jpg,Food
image6434.jpg,Attire
image8807.jpg,misc
image8696.jpg,Attire
image10769.jpg,Food
image2257.jpg,misc
image7464.jpg,Food
image6178.jpg,Decorationandsignage
image3155.jpg,Decorationandsignage
image6662.jpg,Attire
image5846.jpg,Attire
image10176.jpg,Food
image6366.jpg,Attire
image7779.jpg,Attire
image7700.jpg,Food
image400.jpg,Decorationandsignage
image4928.jpg,Attire
image7626.jpg,Food
image9787.jpg,Decorationandsignage
image2420.jpg,misc
image5118.jpg,Food
image9012.jpg,Food
image1626.jpg,Decorationandsignage
image6345.jpg,Attire
image8590.jpg,Attire
image3255.jpg,Attire
image8043.jpg,misc
image5948.jpg,Food
image9016.jpg,misc
image1697.jpg,Food
image10564.jpg,misc
image5023.jpg,misc
image1893.jpg,Decorationandsignage
image9620.jpg,Food
image137.jpg,misc
image9184.jpg,Food
image4667.jpg,Decorationandsignage
image2733.jpg,misc
image2895.jpg,Attire
image8887.jpg,misc
image9034.jpg,Food
image2010.jpg,Food
image504.jpg,misc
image5896.jpg,misc
image10696.jpg,Attire
image10068.jpg,Decorationandsignage
image8977.jpg,Food
image6745.jpg,Food
image10425.jpg,Attire
image4882.jpg,Attire
image5005.jpg,Food
image5469.jpg,Food
image10434.jpg,Attire
image4773.jpg,Attire
image4937.jpg,Food
image5950.jpg,Attire
image9205.jpg,Food
image3816.jpg,Attire
image4226.jpg,Food
image10741.jpg,Decorationandsignage
image6652.jpg,Attire
image124.jpg,Decorationandsignage
image10127.jpg,Food
image3346.jpg,Decorationandsignage
image6150.jpg,misc
image471.jpg,misc
image1187.jpg,Attire
image5343.jpg,Food
image2070.jpg,Decorationandsignage
image9832.jpg,Attire
image5507.jpg,Food
image3100.jpg,Food
image9873.jpg,misc
image7455.jpg,Food
image1509.jpg,misc
image6569.jpg,misc
image1839.jpg,Attire
image9633.jpg,Food
image6340.jpg,Food
image150.jpg,Food
image6089.jpg,Attire
image8651.jpg,Food
image10355.jpg,Attire
image10109.jpg,Decorationandsignage
image6013.jpg,Attire
image10485.jpg,Food
image1021.jpg,misc
image9298.jpg,Attire
image10703.jpg,Food
image3822.jpg,Attire
image4552.jpg,Food
image4509.jpg,Attire
image43.jpg,misc
image8116.jpg,Attire
image9303.jpg,Food
image5598.jpg,Decorationandsignage
image6047.jpg,Food
image6665.jpg,Food
image1002.jpg,Food
image2407.jpg,misc
image6741.jpg,Food
image6492.jpg,Attire
image4933.jpg,Food
image4001.jpg,Attire
image7262.jpg,Food
image720.jpg,Attire
image6338.jpg,Attire
image8309.jpg,Decorationandsignage
image9192.jpg,misc
image1147.jpg,Food
image755.jpg,misc
image2678.jpg,Attire
image1404.jpg,Attire
image2534.jpg,Food
image10282.jpg,Attire
image1060.jpg,Attire
image959.jpg,Food
image2793.jpg,Attire
image1322.jpg,Attire
image10131.jpg,Food
image8093.jpg,Food
image1217.jpg,misc
image3282.jpg,Attire
image9795.jpg,Food
image7510.jpg,Food
image8810.jpg,misc
image2779.jpg,misc
image5380.jpg,misc
image7365.jpg,Food
image2571.jpg,Attire
image2176.jpg,misc
image9859.jpg,Attire
image666.jpg,Food
image10187.jpg,Food
image6402.jpg,misc
image3716.jpg,Food
image7769.jpg,Attire
image1991.jpg,Food
image8614.jpg,Food
image8738.jpg,Decorationandsignage
image2033.jpg,misc
image10698.jpg,Attire
image9003.jpg,Attire
image5410.jpg,Food
image6091.jpg,Food
image6677.jpg,Decorationandsignage
image3808.jpg,misc
image4568.jpg,Attire
image1105.jpg,Food
image6806.jpg,Food
image10661.jpg,misc
image4427.jpg,misc
image9430.jpg,Decorationandsignage
image7720.jpg,Attire
image2691.jpg,Food
image2809.jpg,Food
image6058.jpg,misc
image6686.jpg,Decorationandsignage
image8953.jpg,Attire
image4671.jpg,Attire
image5600.jpg,misc
image10726.jpg,Attire
image5457.jpg,Food
image7319.jpg,Decorationandsignage
image7654.jpg,Food
image4511.jpg,misc
image7504.jpg,Food
image4174.jpg,Food
image3331.jpg,Food
image5889.jpg,Attire
image8413.jpg,Food
image7126.jpg,misc
image6930.jpg,misc
image4709.jpg,misc
image3060.jpg,Attire
image9075.jpg,Food
image2694.jpg,misc
image10244.jpg,Attire
image9421.jpg,Decorationandsignage
image6965.jpg,Food
image7586.jpg,Food
image2156.jpg,Decorationandsignage
image4378.jpg,Attire
image2224.jpg,Food
image7226.jpg,misc
image1933.jpg,Food
image35.jpg,Attire
image3487.jpg,Food
image4148.jpg,Attire
image5606.jpg,Attire
image9548.jpg,Food
image3815.jpg,Food
image6567.jpg,Attire
image8626.jpg,Attire
image6064.jpg,Decorationandsignage
image1903.jpg,misc
image8484.jpg,misc
image4690.jpg,Food
image4374.jpg,Attire
image10085.jpg,misc
image972.jpg,misc
image2942.jpg,Attire
image3854.jpg,Decorationandsignage
image9321.jpg,Decorationandsignage
image9704.jpg,Decorationandsignage
image3049.jpg,misc
image6755.jpg,Food
image1221.jpg,Decorationandsignage
image9410.jpg,misc
image4733.jpg,misc
image9785.jpg,misc
image7402.jpg,misc
image9932.jpg,misc
image8129.jpg,Food
image7775.jpg,misc
image6149.jpg,Food
image2514.jpg,Decorationandsignage
image7871.jpg,Food
image5649.jpg,Food
image10393.jpg,Attire
image3418.jpg,Food
image7145.jpg,Decorationandsignage
image7491.jpg,Attire
image3916.jpg,misc
image1557.jpg,misc
image6838.jpg,Food
image752.jpg,Decorationandsignage
image6198.jpg,misc
image5056.jpg,misc
image9486.jpg,Food
image9227.jpg,Attire
image9073.jpg,Food
image8507.jpg,Decorationandsignage
image5002.jpg,Attire
image1717.jpg,Attire
image9364.jpg,misc
image1723.jpg,Food
image6983.jpg,Attire
image8767.jpg,Food
image8871.jpg,Decorationandsignage
image6941.jpg,Attire
image6284.jpg,Food
image5265.jpg,Food
image8401.jpg,Attire
image1462.jpg,Food
image6139.jpg,Food
image10385.jpg,Food
image191.jpg,Food
image3885.jpg,Decorationandsignage
image969.jpg,misc
image10032.jpg,Attire
image5386.jpg,Food
image10892.jpg,misc
image10000.jpg,misc
image10212.jpg,Attire
image2236.jpg,Food
image5487.jpg,Food
image9731.jpg,Attire
image5625.jpg,misc
image5888.jpg,Decorationandsignage
image10387.jpg,Food
image8744.jpg,misc
image1225.jpg,Food
image7982.jpg,Attire
image3488.jpg,Decorationandsignage
image8042.jpg,Attire
image8185.jpg,misc
image5232.jpg,Food
image7134.jpg,Decorationandsignage
image4815.jpg,Attire
image1996.jpg,misc
image8246.jpg,misc
image4197.jpg,Attire
image3911.jpg,Food
image6760.jpg,Food
image4844.jpg,Attire
image158.jpg,Food
image2923.jpg,misc
image4409.jpg,misc
image5009.jpg,Food
image3408.jpg,Food
image4542.jpg,Attire
image7379.jpg,Food
image6901.jpg,misc
image5856.jpg,Food
image585.jpg,misc
image7443.jpg,Attire
image9571.jpg,Food
image4534.jpg,Attire
image3912.jpg,Food
image3807.jpg,Food
image5731.jpg,Attire
image1916.jpg,Attire
image10627.jpg,Decorationandsignage
image6103.jpg,misc
image7656.jpg,Attire
image3459.jpg,misc
image5994.jpg,misc
image10341.jpg,misc
image9761.jpg,Attire
image5626.jpg,Attire
image196.jpg,Attire
image7027.jpg,Attire
image1030.jpg,Food
image3519.jpg,Food
image10674.jpg,Attire
image7376.jpg,Decorationandsignage
image10215.jpg,misc
image7144.jpg,Food
image10253.jpg,Attire
image9074.jpg,Decorationandsignage
image10216.jpg,misc
image3564.jpg,misc
image2667.jpg,Food
image6314.jpg,Attire
image8390.jpg,Food
image5320.jpg,Food
image8882.jpg,Food
image4829.jpg,Food
image6894.jpg,Food
image2187.jpg,misc
image10205.jpg,Attire
image2086.jpg,misc
image8061.jpg,Food
image2882.jpg,Food
image2183.jpg,Food
image9591.jpg,Food
image5564.jpg,Food
image1169.jpg,Food
image7960.jpg,Decorationandsignage
image7477.jpg,Attire
image4673.jpg,misc
image3495.jpg,misc
image2930.jpg,Attire
image709.jpg,Decorationandsignage
image8555.jpg,Food
image5920.jpg,Attire
image3310.jpg,Food
image1574.jpg,Attire
image6713.jpg,Attire
image715.jpg,Attire
image225.jpg,Food
image5571.jpg,Food
image9135.jpg,Attire
image9585.jpg,Food
image6865.jpg,misc
image9470.jpg,Attire
image8984.jpg,Decorationandsignage
image535.jpg,Food
image3217.jpg,Food
image1614.jpg,Food
image10135.jpg,Food
image4738.jpg,Food
image10861.jpg,Food
image1645.jpg,misc
image8793.jpg,Food
image7861.jpg,Food
image10424.jpg,Food
image6844.jpg,misc
image5033.jpg,misc
image4360.jpg,Food
image5753.jpg,misc
image8985.jpg,misc
image7358.jpg,Attire
image7766.jpg,Food
image10479.jpg,Food
image5258.jpg,misc
image8679.jpg,Decorationandsignage
image3991.jpg,Attire
image7071.jpg,Food
image2625.jpg,Decorationandsignage
image4289.jpg,misc
image8088.jpg,misc
image6879.jpg,Attire
image6694.jpg,misc
image2889.jpg,Food
image602.jpg,misc
image2994.jpg,Food
image15.jpg,Food
image358.jpg,Decorationandsignage
image13.jpg,Decorationandsignage
image3048.jpg,Food
image6349.jpg,Attire
image4964.jpg,Attire
image4812.jpg,Attire
image52.jpg,Attire
image3479.jpg,Food
image7367.jpg,Attire
image7692.jpg,Attire
image10329.jpg,misc
image7541.jpg,Decorationandsignage
image3788.jpg,Attire
image8630.jpg,Food
image2488.jpg,Food
image1561.jpg,Decorationandsignage
image3849.jpg,Food
image6342.jpg,Food
image9406.jpg,misc
image2847.jpg,Food
image4204.jpg,Decorationandsignage
image10048.jpg,Attire
image2466.jpg,Food
image320.jpg,Decorationandsignage
image10441.jpg,Attire
image2946.jpg,Food
image2799.jpg,misc
image5108.jpg,Attire
image9763.jpg,Food
image7858.jpg,Food
image7661.jpg,Decorationandsignage
image1894.jpg,Attire
image10058.jpg,Decorationandsignage
image10864.jpg,Food
image10296.jpg,misc
image7744.jpg,Food
image2282.jpg,Attire
image1529.jpg,Decorationandsignage
image3156.jpg,Attire
image5874.jpg,Food
image7017.jpg,Food
image9747.jpg,Food
image7073.jpg,Decorationandsignage
image2102.jpg,Attire
image9026.jpg,Food
image3928.jpg,Attire
image8643.jpg,misc
image4725.jpg,Attire
image10256.jpg,Attire
image9590.jpg,Attire
image6248.jpg,misc
image4998.jpg,Attire
image8215.jpg,Attire
image2502.jpg,Food
image4429.jpg,misc
image4862.jpg,Attire
image6674.jpg,Food
image8559.jpg,Food
image10396.jpg,Food
image3800.jpg,Attire
image1845.jpg,Attire
image7745.jpg,Attire
image240.jpg,Attire
image9196.jpg,Decorationandsignage
image7271.jpg,misc
image3045.jpg,Attire
image8330.jpg,Attire
image5910.jpg,Food
image5391.jpg,Food
image5381.jpg,Food
image5212.jpg,Attire
image7463.jpg,Food
image10162.jpg,misc
image3843.jpg,Food
image10841.jpg,Decorationandsignage
image579.jpg,Attire
image1663.jpg,misc
image8262.jpg,Attire
image3242.jpg,Attire
image4455.jpg,misc
image4033.jpg,Food
image3355.jpg,Food
image10181.jpg,Food
image2676.jpg,Food
image6557.jpg,Decorationandsignage
image3898.jpg,Food
image509.jpg,Food
image4007.jpg,Food
image4885.jpg,Food
image7138.jpg,Food
image6159.jpg,Attire
image9359.jpg,Attire
image3123.jpg,Food
image5114.jpg,Food
image6718.jpg,misc
image9888.jpg,Decorationandsignage
image7395.jpg,Food
image936.jpg,misc
image5426.jpg,misc
image7893.jpg,misc
image7722.jpg,misc
image9009.jpg,misc
image10641.jpg,misc
image3477.jpg,misc
image3265.jpg,misc
image5284.jpg,Food
image2040.jpg,misc
image7909.jpg,Food
image9900.jpg,Food
image1548.jpg,Food
image10179.jpg,Decorationandsignage
image5285.jpg,Food
image285.jpg,Decorationandsignage
image1101.jpg,Attire
image10134.jpg,Attire
image7568.jpg,misc
image4045.jpg,misc
image9943.jpg,Food
image192.jpg,Food
image7348.jpg,misc
image193.jpg,Food
image1274.jpg,Food
image10338.jpg,Food
image1536.jpg,Attire
image3881.jpg,Attire
image8568.jpg,misc
image1371.jpg,Decorationandsignage
image6331.jpg,misc
image7112.jpg,Food
image3076.jpg,Food
image121.jpg,Attire
image10070.jpg,Food
image7451.jpg,Food
image79.jpg,Food
image5300.jpg,Food
image8799.jpg,Attire
image9813.jpg,Food
image5971.jpg,Decorationandsignage
image4153.jpg,Attire
image3641.jpg,Decorationandsignage
image6534.jpg,Food
image4845.jpg,misc
image5178.jpg,Food
image3768.jpg,Food
image4613.jpg,misc
image9218.jpg,misc
image5847.jpg,Attire
image4696.jpg,Food
image9494.jpg,Food
image7270.jpg,Food
image1621.jpg,misc
image7710.jpg,Attire
image5034.jpg,Attire
image7454.jpg,Food
image2464.jpg,Food
image5631.jpg,Food
image5523.jpg,Attire
image7571.jpg,Food
image10487.jpg,Food
image6469.jpg,misc
image9560.jpg,Food
image2698.jpg,Food
image8326.jpg,Food
image1334.jpg,Food
image8919.jpg,Attire
image3764.jpg,Decorationandsignage
image7928.jpg,Food
image10223.jpg,misc
image8954.jpg,Food
image9251.jpg,misc
image1616.jpg,Food
image8293.jpg,Attire
image6500.jpg,Food
image8382.jpg,Food
image3959.jpg,Decorationandsignage
image7014.jpg,Food
image8476.jpg,Food
image970.jpg,Food
image10030.jpg,Attire
image7630.jpg,Food
image2353.jpg,misc
image7794.jpg,Attire
image3611.jpg,misc
image5809.jpg,Attire
image10818.jpg,Decorationandsignage
image8872.jpg,misc
image9992.jpg,Food
image5277.jpg,Food
image7823.jpg,Food
image2874.jpg,Decorationandsignage
image6849.jpg,Attire
image542.jpg,Decorationandsignage
image6131.jpg,Attire
image3811.jpg,Food
image6360.jpg,Food
image2057.jpg,Food
image698.jpg,Attire
image4016.jpg,Decorationandsignage
image8396.jpg,Attire
image3293.jpg,Attire
image3852.jpg,Food
image1177.jpg,misc
image8450.jpg,Food
image3013.jpg,Food
image8583.jpg,Attire
image8151.jpg,Food
image4808.jpg,misc
image2898.jpg,misc
image4538.jpg,Decorationandsignage
image10232.jpg,misc
image8153.jpg,Food
image3068.jpg,misc
image4776.jpg,Food
image5067.jpg,Attire
image6633.jpg,Decorationandsignage
image7007.jpg,Food
image8306.jpg,Food
image7969.jpg,Attire
image10002.jpg,misc
image9638.jpg,Attire
image1953.jpg,Food
image702.jpg,Food
image245.jpg,Food
image8498.jpg,Food
image3212.jpg,Attire
image5144.jpg,Food
image3601.jpg,Food
image8847.jpg,Attire
image6413.jpg,misc
image7169.jpg,Attire
image8822.jpg,misc
image2042.jpg,Attire
image9056.jpg,Attire
image2262.jpg,Attire
image6897.jpg,Decorationandsignage
image172.jpg,Food
image3723.jpg,Food
image4737.jpg,Attire
image4878.jpg,misc
image5116.jpg,Decorationandsignage
image9663.jpg,Attire
image7002.jpg,Food
image5035.jpg,Attire
image6238.jpg,misc
image2190.jpg,Food
image5810.jpg,Food
image9968.jpg,Attire
image2136.jpg,Food
image7690.jpg,Food
image7180.jpg,Food
image5883.jpg,Attire
image10017.jpg,Food
image2379.jpg,Food
image7755.jpg,Food
image7360.jpg,misc
image9180.jpg,Attire
image4146.jpg,Food
image2697.jpg,Decorationandsignage
image5837.jpg,misc
image7931.jpg,Attire
image2992.jpg,Food
image8458.jpg,Decorationandsignage
image8553.jpg,Decorationandsignage
image4339.jpg,Food
image8916.jpg,Food
image7448.jpg,Food
image6655.jpg,Decorationandsignage
image9628.jpg,Attire
image4206.jpg,misc
image5915.jpg,Food
image1651.jpg,Attire
image351.jpg,Attire
image3314.jpg,Food
image4551.jpg,misc
image8074.jpg,Food
image6980.jpg,Food
image3403.jpg,Food
image3952.jpg,Food
image8609.jpg,Decorationandsignage
image6225.jpg,Food
image6824.jpg,misc
image7240.jpg,misc
image1507.jpg,Food
image6783.jpg,misc
image7652.jpg,Attire
image6696.jpg,Food
image4705.jpg,Decorationandsignage
image8305.jpg,misc
image6545.jpg,Attire
image2050.jpg,misc
image8329.jpg,Food
image1842.jpg,Attire
image5919.jpg,misc
image2482.jpg,misc
image10522.jpg,misc
image9270.jpg,misc
image7945.jpg,Attire
image8774.jpg,misc
image8833.jpg,Food
image3419.jpg,Decorationandsignage
image3053.jpg,misc
image8295.jpg,Attire
image7489.jpg,Attire
image8244.jpg,Decorationandsignage
image4779.jpg,Attire
image8797.jpg,misc
image4458.jpg,misc
image4400.jpg,Food
image5087.jpg,Attire
image3379.jpg,misc
image8707.jpg,Attire
image2402.jpg,Decorationandsignage
image9230.jpg,Attire
image6627.jpg,Attire
image8909.jpg,Decorationandsignage
image8659.jpg,Food
image7561.jpg,Attire
image3351.jpg,misc
image4029.jpg,misc
image6829.jpg,Attire
image9817.jpg,Food
image2533.jpg,Food
image5065.jpg,Food
image8380.jpg,Decorationandsignage
image9022.jpg,misc
image9371.jpg,Food
image5661.jpg,misc
image6779.jpg,Food
image5243.jpg,Food
image2315.jpg,Food
image8446.jpg,Attire
image8491.jpg,Attire
image2836.jpg,Attire
image9265.jpg,Food
image7877.jpg,misc
image9155.jpg,Food
image5901.jpg,Food
image4748.jpg,misc
image5163.jpg,Attire
image2501.jpg,Decorationandsignage
image10710.jpg,Food
image4541.jpg,Decorationandsignage
image7104.jpg,Attire
image6531.jpg,misc
image10437.jpg,Food
image3779.jpg,Food
image10374.jpg,Food
image2415.jpg,Attire
image10599.jpg,Food
image7340.jpg,Food
image1387.jpg,Decorationandsignage
image8776.jpg,Attire
image7052.jpg,misc
image8634.jpg,Attire
image8747.jpg,Attire
image10724.jpg,Attire
image8786.jpg,Food
image1239.jpg,Attire
image10499.jpg,Decorationandsignage
image3785.jpg,Food
image9822.jpg,Food
image559.jpg,Food
image574.jpg,misc
image5911.jpg,misc
image4397.jpg,Food
image10494.jpg,Attire
image4554.jpg,Attire
image7012.jpg,Food
image1302.jpg,misc
image8352.jpg,Food
image4707.jpg,Attire
image671.jpg,misc
image5687.jpg,Food
image5528.jpg,Food
image8368.jpg,Attire
image7550.jpg,Decorationandsignage
image10881.jpg,Food
image474.jpg,Food
image4484.jpg,Food
image8877.jpg,Attire
image5400.jpg,Attire
image1119.jpg,Food
image9797.jpg,Food
image5471.jpg,Food
image8350.jpg,misc
image9013.jpg,misc
image9907.jpg,misc
image10087.jpg,Food
image8467.jpg,Food
image8445.jpg,Attire
image6430.jpg,misc
image7278.jpg,Attire
image8124.jpg,Attire
image7810.jpg,Attire
image4283.jpg,Food
image8837.jpg,Food
image8729.jpg,Food
image1668.jpg,misc
image9096.jpg,Decorationandsignage
image9144.jpg,misc
image2975.jpg,misc
image9401.jpg,misc
image6563.jpg,misc
image3165.jpg,Food
image1660.jpg,Attire
image6975.jpg,Attire
image635.jpg,Food
image2915.jpg,Food
image8044.jpg,Food
image7243.jpg,misc
image3195.jpg,Attire
image1873.jpg,Food
image10038.jpg,Decorationandsignage
image10233.jpg,Food
image7502.jpg,Food
image4159.jpg,Decorationandsignage
image10361.jpg,Decorationandsignage
image9532.jpg,Decorationandsignage
image9893.jpg,Attire
image932.jpg,misc
image9079.jpg,misc
image1255.jpg,Attire
image1384.jpg,Food
image9825.jpg,misc
image10507.jpg,misc
image8521.jpg,Food
image1510.jpg,Decorationandsignage
image7102.jpg,Attire
image6615.jpg,Food
image3465.jpg,Food
image4893.jpg,Attire
image2865.jpg,Food
image10502.jpg,Food
image9645.jpg,Attire
image3752.jpg,Decorationandsignage
image9185.jpg,Food
image428.jpg,Attire
image3229.jpg,Attire
image3456.jpg,Food
image10391.jpg,Attire
image9621.jpg,Food
image4637.jpg,Attire
image1965.jpg,misc
image1527.jpg,Food
image10678.jpg,misc
image3699.jpg,misc
image3450.jpg,Attire
image9413.jpg,misc
image5633.jpg,Food
image10802.jpg,Food
image9110.jpg,misc
image6641.jpg,Attire
image7777.jpg,Attire
image4037.jpg,misc
image6527.jpg,Attire
image3485.jpg,misc
image5162.jpg,Attire
image10453.jpg,Food
image9309.jpg,Food
image10735.jpg,Attire
image2491.jpg,Food
image8296.jpg,Food
image10352.jpg,Attire
image4768.jpg,Food
image5342.jpg,Food
image6172.jpg,Food
image3696.jpg,Decorationandsignage
image7575.jpg,misc
image10359.jpg,Decorationandsignage
image3997.jpg,misc
image1977.jpg,Food
image11.jpg,Decorationandsignage
image533.jpg,misc
image6229.jpg,Food
image10610.jpg,Food
image4916.jpg,Food
image10196.jpg,Food
image7036.jpg,Decorationandsignage
image9473.jpg,Food
image10198.jpg,Food
image5607.jpg,Food
image8437.jpg,Food
image5812.jpg,misc
image8636.jpg,Decorationandsignage
image7711.jpg,Food
image586.jpg,Attire
image2599.jpg,misc
image6195.jpg,Food
image8132.jpg,Attire
image6099.jpg,Food
image7426.jpg,Decorationandsignage
image10689.jpg,misc
image3810.jpg,Attire
image9348.jpg,Food
image7357.jpg,misc
image5447.jpg,Food
image8448.jpg,misc
image10791.jpg,Food
image7917.jpg,Food
image9690.jpg,Decorationandsignage
image10673.jpg,Attire
image8888.jpg,Food
image2301.jpg,misc
image7790.jpg,Food
image8122.jpg,Food
image7186.jpg,Food
image3251.jpg,Attire
image3902.jpg,misc
image300.jpg,Food
image9001.jpg,Decorationandsignage
image10509.jpg,misc
image9941.jpg,Attire
image9357.jpg,Food
image9539.jpg,misc
image7833.jpg,Decorationandsignage
image3520.jpg,Food
image6860.jpg,Food
image907.jpg,misc
image1907.jpg,Food
image2572.jpg,Attire
image10460.jpg,misc
image4617.jpg,misc
image2492.jpg,misc
image5037.jpg,Food
image7836.jpg,misc
image6773.jpg,Food
image4544.jpg,misc
image4668.jpg,misc
image5370.jpg,Food
image1520.jpg,Food
image4469.jpg,Attire
image8148.jpg,Food
image198.jpg,misc
image6316.jpg,Attire
image2890.jpg,Attire
image10711.jpg,Decorationandsignage
image9136.jpg,Decorationandsignage
image3793.jpg,Food
image5081.jpg,Food
image4105.jpg,Food
image260.jpg,Attire
image7393.jpg,Attire
image9252.jpg,misc
image10197.jpg,Attire
image10815.jpg,Attire
image3851.jpg,Attire
image7578.jpg,Food
image1305.jpg,Attire
image7635.jpg,Attire
image9812.jpg,Food
image8111.jpg,Attire
image9150.jpg,Food
image6436.jpg,misc
image3603.jpg,misc
image729.jpg,Food
image1868.jpg,Food
image1860.jpg,Food
image8280.jpg,Attire
image2215.jpg,Attire
image3665.jpg,Attire
image6850.jpg,Attire
image8913.jpg,misc
image2499.jpg,Food
image6639.jpg,misc
image8617.jpg,Food
image5816.jpg,Food
image1862.jpg,Food
image945.jpg,Attire
image9055.jpg,Decorationandsignage
image9916.jpg,misc
image8223.jpg,Decorationandsignage
image8184.jpg,misc
image8976.jpg,Food
image7648.jpg,Food
image7205.jpg,Food
image8685.jpg,Attire
image8134.jpg,misc
image5167.jpg,Decorationandsignage
image6325.jpg,Food
image4660.jpg,Attire
image9718.jpg,misc
image7655.jpg,Food
image10561.jpg,Food
image8825.jpg,Food
image7824.jpg,Food
image8438.jpg,misc
image144.jpg,Food
image2980.jpg,misc
image2036.jpg,Decorationandsignage
image7724.jpg,Decorationandsignage
image9471.jpg,misc
image4242.jpg,Food
image10006.jpg,Food
image4869.jpg,Attire
image10100.jpg,Food
image5678.jpg,Attire
image5328.jpg,Attire
image8216.jpg,Decorationandsignage
image10854.jpg,Food
image5431.jpg,Attire
image7721.jpg,Food
image9914.jpg,Food
image33.jpg,Decorationandsignage
image7702.jpg,Decorationandsignage
image422.jpg,Food
image8406.jpg,misc
image3545.jpg,Food
image8063.jpg,Decorationandsignage
image4753.jpg,misc
image10184.jpg,Attire
image756.jpg,Attire
image8536.jpg,misc
image4364.jpg,Food
image7641.jpg,Food
image6953.jpg,Attire
image10112.jpg,Food
image10386.jpg,Attire
image8005.jpg,Food
image8046.jpg,Food
image4154.jpg,Food
image5204.jpg,Attire
image9955.jpg,Food
image10476.jpg,Food
image7608.jpg,Attire
image3903.jpg,Attire
image10211.jpg,Food
image2957.jpg,Decorationandsignage
image9510.jpg,Attire
image2029.jpg,Food
image5742.jpg,misc
image2166.jpg,Decorationandsignage
image6857.jpg,Food
image6923.jpg,Food
image2563.jpg,misc
image9860.jpg,misc
image7494.jpg,Decorationandsignage
image3929.jpg,Attire
image7422.jpg,Food
image1739.jpg,misc
image9164.jpg,Attire
image5018.jpg,misc
image9552.jpg,misc
image10092.jpg,Food
image4489.jpg,Food
image8594.jpg,Food
image5726.jpg,Food
image9188.jpg,Food
image4618.jpg,Decorationandsignage
image8720.jpg,Food
image9957.jpg,Food
image7378.jpg,misc
image6736.jpg,Food
image10544.jpg,Attire
image1005.jpg,Food
image1504.jpg,Food
image3673.jpg,Attire
image1109.jpg,Food
image6750.jpg,Food
image947.jpg,Decorationandsignage
image10022.jpg,Decorationandsignage
image9948.jpg,misc
image8880.jpg,Decorationandsignage
image5096.jpg,misc
image7022.jpg,misc
image9048.jpg,Attire
image6134.jpg,misc
image8056.jpg,misc
image9466.jpg,Decorationandsignage
image9281.jpg,Decorationandsignage
image5479.jpg,Food
image6803.jpg,Food
image1179.jpg,Attire
image10512.jpg,misc
image5578.jpg,Decorationandsignage
image10328.jpg,Food
image780.jpg,Food
image2519.jpg,Attire
image9115.jpg,Attire
image10717.jpg,Attire
image1930.jpg,Attire
image5757.jpg,Food
image1547.jpg,Food
image4643.jpg,Decorationandsignage
image3000.jpg,Decorationandsignage
image8385.jpg,Attire
image6003.jpg,Food
image9082.jpg,Food
image9642.jpg,Food
image3241.jpg,misc
image10091.jpg,Food
image3077.jpg,Food
image2996.jpg,Food
image4088.jpg,Food
image9925.jpg,Attire
image617.jpg,Attire
image4301.jpg,Attire
image4155.jpg,Decorationandsignage
image9441.jpg,Food
image1472.jpg,Food
image2689.jpg,Food
image9356.jpg,Attire
image262.jpg,Attire
image1148.jpg,Food
image5735.jpg,misc
image7207.jpg,Food
image10515.jpg,Decorationandsignage
image10284.jpg,Attire
image7848.jpg,Food
image5895.jpg,Food
image3856.jpg,Attire
image1315.jpg,Food
image5779.jpg,misc
image4864.jpg,Food
image9902.jpg,misc
image10057.jpg,Food
image9903.jpg,Food
image4840.jpg,Attire
image6365.jpg,Food
image809.jpg,Attire
image5771.jpg,Attire
image7778.jpg,Attire
image2185.jpg,misc
image189.jpg,Decorationandsignage
image7573.jpg,Attire
image10021.jpg,misc
image4745.jpg,Food
image8504.jpg,Food
image9440.jpg,Decorationandsignage
image2373.jpg,Food
image2458.jpg,misc
image8455.jpg,Attire
image943.jpg,Attire
image10257.jpg,Decorationandsignage
image2547.jpg,Food
image26.jpg,Attire
image10419.jpg,Attire
image5115.jpg,Food
image7999.jpg,Food
image5718.jpg,misc
image4684.jpg,Decorationandsignage
image6459.jpg,Food
image9531.jpg,Attire
image4530.jpg,Decorationandsignage
image1923.jpg,misc
image6011.jpg,Attire
image4229.jpg,misc
image5720.jpg,Attire
image7181.jpg,Food
image10506.jpg,misc
image4714.jpg,Attire
image9605.jpg,Attire
image6049.jpg,Food
image10243.jpg,Food
image7970.jpg,Food
image8418.jpg,Attire
image2460.jpg,Food
image8978.jpg,Decorationandsignage
image4981.jpg,Attire
image2206.jpg,Attire
image2389.jpg,Decorationandsignage
image5660.jpg,misc
image1805.jpg,Food
image8029.jpg,Food
image3151.jpg,Food
image10466.jpg,misc
image8494.jpg,Attire
image6645.jpg,Attire
image10773.jpg,Attire
image8895.jpg,Food
image10422.jpg,Decorationandsignage
image9648.jpg,misc
image3879.jpg,misc
image4512.jpg,misc
image7413.jpg,Food
image3767.jpg,Attire
image1976.jpg,Food
image2515.jpg,Decorationandsignage
image8637.jpg,Food
image3664.jpg,Food
image1634.jpg,Food
image4157.jpg,misc
image6711.jpg,Decorationandsignage
image8079.jpg,Attire
image3361.jpg,misc
image3983.jpg,Attire
image5860.jpg,Food
image5942.jpg,Attire
image8986.jpg,misc
image10.jpg,Food
image4208.jpg,Food
image10160.jpg,Attire
image3984.jpg,Food
image921.jpg,Attire
image9028.jpg,misc
image2151.jpg,Attire
image1659.jpg,Decorationandsignage
image9634.jpg,Food
image8258.jpg,Food
image5183.jpg,misc
image598.jpg,Attire
image10035.jpg,Attire
image9431.jpg,Attire
image5885.jpg,Attire
image9559.jpg,misc
image2020.jpg,Attire
image4441.jpg,misc
image10116.jpg,Attire
image5405.jpg,misc
image2270.jpg,Attire
image4871.jpg,Attire
image2816.jpg,misc
image3886.jpg,misc
image2557.jpg,misc
image4300.jpg,Attire
image4830.jpg,misc
image2703.jpg,Food
image9564.jpg,Food
image5345.jpg,Food
image2851.jpg,Decorationandsignage
image2223.jpg,Decorationandsignage
image10708.jpg,Decorationandsignage
image7101.jpg,Food
image10526.jpg,Food
image5955.jpg,Attire
image5131.jpg,Food
image10566.jpg,Food
image7662.jpg,Food
image8229.jpg,Attire
image3838.jpg,misc
image7347.jpg,Attire
image3771.jpg,Attire
image4366.jpg,Attire
image4594.jpg,Attire
image6825.jpg,Attire
image4881.jpg,Attire
image1952.jpg,misc
image6775.jpg,Attire
image2845.jpg,misc
image1134.jpg,Decorationandsignage
image529.jpg,Attire
image2254.jpg,Attire
image8655.jpg,Food
image4641.jpg,misc
image9052.jpg,Decorationandsignage
image10404.jpg,Food
image10783.jpg,Food
image3824.jpg,Food
image7030.jpg,misc
image10862.jpg,misc
image3809.jpg,Decorationandsignage
image1184.jpg,Food
image999.jpg,Food
image4256.jpg,misc
image5318.jpg,Food
image8823.jpg,misc
image2261.jpg,Food
image5823.jpg,Food
image2683.jpg,Food
image4490.jpg,Food
image10693.jpg,Food
image7789.jpg,Attire
image6947.jpg,Decorationandsignage
image7698.jpg,Decorationandsignage
image1901.jpg,misc
image4669.jpg,Attire
image2474.jpg,Food
image7583.jpg,misc
image8158.jpg,misc
image10574.jpg,Food
image8734.jpg,misc
image10454.jpg,Food
image728.jpg,Food
image1133.jpg,Food
image9285.jpg,Decorationandsignage
image3415.jpg,Attire
image9519.jpg,Food
image3860.jpg,Food
image7496.jpg,Decorationandsignage
image9054.jpg,misc
image9397.jpg,Attire
image3772.jpg,Food
image6724.jpg,misc
image1888.jpg,Attire
image8092.jpg,Food
image5681.jpg,Food
image6874.jpg,Food
image6621.jpg,misc
image1818.jpg,misc
image6602.jpg,Decorationandsignage
image6909.jpg,Food
image6905.jpg,misc
image9722.jpg,misc
image9896.jpg,Attire
image1973.jpg,Decorationandsignage
image273.jpg,Food
image8748.jpg,Food
image2263.jpg,Attire
image7870.jpg,Attire
image6846.jpg,Decorationandsignage
image7554.jpg,Attire
image2646.jpg,Attire
image10239.jpg,Food
image4859.jpg,Attire
image6162.jpg,Food
image7773.jpg,misc
image9370.jpg,Food
image10033.jpg,Food
image3713.jpg,misc
image3476.jpg,Food
image4176.jpg,Attire
image9384.jpg,Decorationandsignage
image7054.jpg,Attire
image2496.jpg,Attire
image10446.jpg,Attire
image7251.jpg,Food
image3120.jpg,Decorationandsignage
image7084.jpg,misc
image8260.jpg,Attire
image3927.jpg,Food
image4922.jpg,Food
image4479.jpg,misc
image8367.jpg,Decorationandsignage
image1230.jpg,Attire
image5898.jpg,Food
image10888.jpg,Food
image1097.jpg,Decorationandsignage
image7314.jpg,Food
image3330.jpg,Food
image7532.jpg,Food
image9288.jpg,Food
image7618.jpg,Attire
image9159.jpg,Food
image6580.jpg,misc
image10608.jpg,Food
image1750.jpg,misc
image6078.jpg,misc
image1216.jpg,misc
image9662.jpg,Attire
image6814.jpg,misc
image3629.jpg,Food
image9317.jpg,Food
image10161.jpg,misc
image9821.jpg,Food
image10704.jpg,misc
image9106.jpg,Food
image7542.jpg,Attire
image3263.jpg,Food
image7031.jpg,Food
image1442.jpg,misc
image3203.jpg,Attire
image4587.jpg,Attire
image4292.jpg,Attire
image9257.jpg,Food
image8133.jpg,Attire
image8845.jpg,Attire
image9516.jpg,Food
image7602.jpg,Food
image2909.jpg,Food
image10075.jpg,Food
image6823.jpg,Attire
image6595.jpg,Attire
image7754.jpg,Attire
image10849.jpg,Food
image8974.jpg,misc
image9214.jpg,Food
image1709.jpg,Food
image1995.jpg,Attire
image4935.jpg,Attire
image2560.jpg,misc
image1407.jpg,Attire
image5372.jpg,misc
image10141.jpg,misc
image8189.jpg,misc
image7439.jpg,Attire
image9125.jpg,misc
image8181.jpg,Food
image2525.jpg,Decorationandsignage
image7560.jpg,Food
image3325.jpg,Attire
image293.jpg,Attire
image1048.jpg,Attire
image2334.jpg,misc
image10113.jpg,Food
image4956.jpg,Decorationandsignage
image694.jpg,Food
image8263.jpg,Food
image5017.jpg,Decorationandsignage
image7453.jpg,Attire
image9142.jpg,misc
image1445.jpg,Food
image1441.jpg,Food
image9367.jpg,misc
image9331.jpg,Food
image3654.jpg,Decorationandsignage
image9979.jpg,Attire
image3264.jpg,Food
image1865.jpg,Food
image4133.jpg,Food
image10041.jpg,Decorationandsignage
image7279.jpg,Attire
image8999.jpg,Food
image1154.jpg,Food
image6341.jpg,misc
image5498.jpg,Food
image5458.jpg,Attire
image7266.jpg,Food
image6735.jpg,Decorationandsignage
image3542.jpg,Food
image5401.jpg,Attire
image6291.jpg,Food
image2717.jpg,Food
image10412.jpg,Food
image4576.jpg,Food
image7466.jpg,misc
image1515.jpg,Food
image9834.jpg,Food
image5192.jpg,Attire
image1211.jpg,Food
image3958.jpg,Attire
image10415.jpg,misc
image2555.jpg,Attire
image5708.jpg,misc
image8611.jpg,Attire
image7391.jpg,Attire
image3892.jpg,misc
image7179.jpg,Decorationandsignage
image9861.jpg,Food
image10204.jpg,Decorationandsignage
image9838.jpg,misc
image7639.jpg,misc
image8400.jpg,Decorationandsignage
image4495.jpg,misc
image10351.jpg,Decorationandsignage
image912.jpg,misc
image2090.jpg,Food
image2235.jpg,Attire
image10381.jpg,Food
image641.jpg,Attire
image10609.jpg,misc
image3899.jpg,Food
image7855.jpg,Food
image2872.jpg,Food
image1285.jpg,Attire
image5679.jpg,Attire
image5461.jpg,Attire
image6770.jpg,Decorationandsignage
image9201.jpg,Food
image868.jpg,Decorationandsignage
image7128.jpg,Food
image9626.jpg,Attire
image10413.jpg,Food
image612.jpg,Food
image10891.jpg,Attire
image7484.jpg,Food
image4012.jpg,Food
image9122.jpg,Food
image4575.jpg,misc
image1350.jpg,Attire
image3890.jpg,Decorationandsignage
image8203.jpg,Food
image8819.jpg,misc
image9491.jpg,Attire
image6458.jpg,misc
image2424.jpg,Food
image1327.jpg,Attire
image7968.jpg,Food
image4150.jpg,Food
image9030.jpg,Food
image5563.jpg,Food
image3259.jpg,misc
image6215.jpg,Attire
image5127.jpg,Decorationandsignage
image8015.jpg,Attire
image2704.jpg,Decorationandsignage
image2271.jpg,misc
image2416.jpg,Decorationandsignage
image3002.jpg,Food
image10208.jpg,Attire
image2724.jpg,Decorationandsignage
image1157.jpg,Food
image9528.jpg,misc
image5636.jpg,Attire
image6468.jpg,misc
image2309.jpg,misc
image6118.jpg,Decorationandsignage
image10885.jpg,misc
image5866.jpg,Decorationandsignage
image10336.jpg,Attire
image6748.jpg,Food
image10565.jpg,Attire
image2269.jpg,Attire
image8002.jpg,Food
image8713.jpg,Attire
image8576.jpg,Attire
image9253.jpg,Attire
image9981.jpg,Food
image10288.jpg,Decorationandsignage
image3803.jpg,Attire
image5722.jpg,Attire
image3659.jpg,Attire
image10842.jpg,Attire
image231.jpg,Food
image8392.jpg,Food
image5746.jpg,Decorationandsignage
image690.jpg,Attire
image3775.jpg,Attire
image9000.jpg,Food
image9182.jpg,Attire
image10013.jpg,Food
image760.jpg,misc
image9586.jpg,Food
image9100.jpg,Attire
image9506.jpg,Decorationandsignage
image9953.jpg,misc
image2782.jpg,Attire
image7404.jpg,misc
image4121.jpg,misc
image8113.jpg,Food
image7816.jpg,Food
image6541.jpg,Food
image7804.jpg,Food
image3125.jpg,Decorationandsignage
image4187.jpg,Decorationandsignage
image3462.jpg,Decorationandsignage
image46.jpg,Attire
image1314.jpg,Attire
image7.jpg,misc
image4267.jpg,Attire
image6720.jpg,Attire
image1317.jpg,Food
image2720.jpg,Attire
image1633.jpg,Food
image1640.jpg,misc
image4524.jpg,Decorationandsignage
image590.jpg,Food
image8944.jpg,Decorationandsignage
image10321.jpg,Food
image6351.jpg,Attire
image9328.jpg,misc
image6329.jpg,Attire
image299.jpg,Attire
image6506.jpg,Food
image695.jpg,Food
image9248.jpg,misc
image6650.jpg,misc
image7467.jpg,Attire
image1094.jpg,Food
image9890.jpg,Food
image9198.jpg,misc
image7235.jpg,misc
image3710.jpg,Food
image1779.jpg,Attire
image8345.jpg,Attire
image608.jpg,Attire
image2345.jpg,Attire
image385.jpg,misc
image5825.jpg,misc
image6299.jpg,Attire
image4652.jpg,Attire
image4735.jpg,Attire
image7817.jpg,misc
image8515.jpg,Decorationandsignage
image5558.jpg,Attire
image6414.jpg,Decorationandsignage
image2182.jpg,Food
image10621.jpg,misc
image3209.jpg,misc
image337.jpg,Attire
image10528.jpg,Food
image2418.jpg,Attire
image1061.jpg,misc
image5530.jpg,Attire
image10440.jpg,Food
image3894.jpg,misc
image6206.jpg,Decorationandsignage
image680.jpg,Decorationandsignage
image5373.jpg,Attire
image5690.jpg,Attire
image6087.jpg,Food
image10111.jpg,Decorationandsignage
image5201.jpg,misc
image6403.jpg,Food
image9019.jpg,Food
image5229.jpg,Food
image9015.jpg,Attire
image2027.jpg,Food
image7087.jpg,misc
image5798.jpg,Attire
image2808.jpg,Attire
image9652.jpg,Food
image2476.jpg,Attire
image3230.jpg,Decorationandsignage
image7562.jpg,Decorationandsignage
image7984.jpg,Food
image3974.jpg,Food
image431.jpg,Food
image10106.jpg,misc
image1383.jpg,Attire
image2990.jpg,misc
image1344.jpg,Decorationandsignage
image7976.jpg,Decorationandsignage
image7192.jpg,misc
image7621.jpg,misc
image8112.jpg,misc
image10856.jpg,misc
image10675.jpg,Attire
image1838.jpg,Decorationandsignage
image3296.jpg,misc
image9954.jpg,misc
image8508.jpg,Attire
image4743.jpg,Food
image1851.jpg,Attire
image3553.jpg,Attire
image10535.jpg,Decorationandsignage
image5975.jpg,Food
image6462.jpg,misc
image6415.jpg,Attire
image10346.jpg,Food
image787.jpg,misc
image6241.jpg,Food
image7492.jpg,Attire
image2303.jpg,Decorationandsignage
image5775.jpg,Food
image6012.jpg,Attire
image4136.jpg,Food
image4266.jpg,Food
image10382.jpg,Decorationandsignage
image5952.jpg,Attire
image9827.jpg,misc
image9426.jpg,Food
image2318.jpg,Attire
image2655.jpg,Attire
image3683.jpg,Food
image684.jpg,Attire
image5241.jpg,misc
image8060.jpg,Food
image1528.jpg,Food
image10263.jpg,misc
image3365.jpg,Food
image7679.jpg,Food
image5714.jpg,Attire
image9024.jpg,Food
image7589.jpg,Attire
image7323.jpg,Decorationandsignage
image8360.jpg,misc
image8697.jpg,Attire
image9574.jpg,Attire
image2405.jpg,Attire
image2950.jpg,Food
image2478.jpg,Attire
image6372.jpg,Attire
image9672.jpg,Food
image247.jpg,Food
image6002.jpg,Attire
image2854.jpg,Attire
image1905.jpg,Attire
image10869.jpg,Food
image2616.jpg,Food
image2016.jpg,Food
image4925.jpg,Food
image10306.jpg,Attire
image5794.jpg,Food
image128.jpg,Food
image5014.jpg,Decorationandsignage
image2883.jpg,Attire
image6344.jpg,Decorationandsignage
image7233.jpg,Attire
image7497.jpg,misc
image8801.jpg,misc
image4593.jpg,Food
image8265.jpg,Food
image6940.jpg,Attire
image3075.jpg,Decorationandsignage
image162.jpg,Attire
image7093.jpg,Food
image6137.jpg,misc
image4422.jpg,misc
image3572.jpg,Attire
image10259.jpg,Food
image7764.jpg,misc
image9194.jpg,Attire
image10171.jpg,Attire
image2686.jpg,Food
image9706.jpg,Food
image7363.jpg,Food
image3682.jpg,misc
image6121.jpg,Decorationandsignage
image1473.jpg,misc
image4069.jpg,Attire
image6722.jpg,Attire
image6802.jpg,misc
image5007.jpg,Attire
image3163.jpg,Attire
image8125.jpg,Food
image7224.jpg,Food
image10237.jpg,Attire
image931.jpg,Attire
image9733.jpg,Attire
image8846.jpg,Food
image10126.jpg,misc
image30.jpg,misc
image9468.jpg,Food
image1397.jpg,Attire
image8562.jpg,Attire
image5004.jpg,Decorationandsignage
image5134.jpg,misc
image4820.jpg,Food
image9313.jpg,misc
image3475.jpg,Food
image8253.jpg,Attire
image4343.jpg,Food
image5238.jpg,Decorationandsignage
image2212.jpg,Food
image5459.jpg,misc
image5080.jpg,Food
image4606.jpg,Food
image2019.jpg,misc
image9545.jpg,misc
image6226.jpg,misc
image7140.jpg,Food
image9555.jpg,misc
image9601.jpg,Food
image4760.jpg,Attire
image10308.jpg,Food
image4391.jpg,Attire
image10467.jpg,Food
image9173.jpg,Attire
image3584.jpg,Decorationandsignage
image10834.jpg,Attire
image4966.jpg,Food
image7901.jpg,Attire
image10172.jpg,Food
image7472.jpg,misc
image7387.jpg,Attire
image2680.jpg,misc
image8683.jpg,Decorationandsignage
image4615.jpg,Attire
image8712.jpg,Food
image3980.jpg,Decorationandsignage
image2480.jpg,Food
image8001.jpg,Attire
image731.jpg,Decorationandsignage
image10730.jpg,Decorationandsignage
image5059.jpg,misc
image4122.jpg,Food
image1656.jpg,Decorationandsignage
image7397.jpg,Attire
image2055.jpg,Food
image4832.jpg,misc
image2527.jpg,Food
image10042.jpg,Attire
image9798.jpg,Food
image2459.jpg,misc
image3223.jpg,misc
image10168.jpg,Attire
image2771.jpg,Food
image1304.jpg,Food
image9094.jpg,Attire
image1001.jpg,misc
image6474.jpg,Decorationandsignage
image8357.jpg,Attire
image9904.jpg,Food
image4747.jpg,Food
image8647.jpg,misc
image7284.jpg,Attire
image10264.jpg,misc
image2228.jpg,Food
image4009.jpg,Food
image8139.jpg,Attire
image1622.jpg,Decorationandsignage
image5635.jpg,Attire
image8461.jpg,Attire
image5992.jpg,misc
image2218.jpg,Food
image6394.jpg,Decorationandsignage
image7651.jpg,Attire
image5817.jpg,Food
image106.jpg,Food
image6484.jpg,Attire
image9385.jpg,Attire
image3919.jpg,misc
image10495.jpg,Food
image9569.jpg,Decorationandsignage
image3635.jpg,misc
image6203.jpg,misc
image5836.jpg,misc
image2073.jpg,Food
image5047.jpg,Food
image7829.jpg,Food
image6355.jpg,misc
image10267.jpg,misc
image8523.jpg,Food
image8499.jpg,misc
image4201.jpg,Food
image8750.jpg,Food
image9428.jpg,Food
image7780.jpg,Attire
image6605.jpg,Attire
image3036.jpg,Food
image672.jpg,Decorationandsignage
image3043.jpg,Attire
image9396.jpg,Decorationandsignage
image7851.jpg,Food
image4636.jpg,Food
image8248.jpg,Food
image1499.jpg,Attire
image2168.jpg,Attire
image9593.jpg,Attire
image8171.jpg,Food
image1727.jpg,misc
image2754.jpg,Decorationandsignage
image3189.jpg,Food
image7335.jpg,misc
image433.jpg,Attire
image3649.jpg,Attire
image7636.jpg,Attire
image5422.jpg,misc
image5573.jpg,Decorationandsignage
image8869.jpg,Food
image10870.jpg,Food
image10709.jpg,Attire
image8073.jpg,Decorationandsignage
image8868.jpg,Attire
image477.jpg,Attire
image7354.jpg,misc
image1935.jpg,Food
image421.jpg,Food
image942.jpg,Food
image7201.jpg,Attire
image6060.jpg,Decorationandsignage
image3857.jpg,Food
image66.jpg,Food
image8526.jpg,Attire
image9179.jpg,Food
image10251.jpg,Decorationandsignage
image1301.jpg,Attire
image9909.jpg,Food
image9513.jpg,Food
image8152.jpg,Food
image8287.jpg,Attire
image2080.jpg,Food
image8987.jpg,misc
image1348.jpg,Food
image6819.jpg,Food
image2997.jpg,Food
image7249.jpg,Food
image2310.jpg,misc
image1567.jpg,misc
image8477.jpg,misc
image9189.jpg,Food
image5954.jpg,Decorationandsignage
image5296.jpg,Decorationandsignage
image6164.jpg,Decorationandsignage
image10882.jpg,Attire
image8376.jpg,Food
image9301.jpg,Food
image5180.jpg,Food
image7242.jpg,Food
image9276.jpg,misc
image259.jpg,Food
image2887.jpg,Attire
image6604.jpg,Food
image6537.jpg,Attire
image464.jpg,Food
image7004.jpg,misc
image9147.jpg,misc
image4723.jpg,Attire
image8393.jpg,Attire
image9960.jpg,misc
image6107.jpg,Food
image7538.jpg,Attire
image7253.jpg,Decorationandsignage
image4620.jpg,Food
image7221.jpg,Attire
image6281.jpg,Food
image4505.jpg,Decorationandsignage
image6370.jpg,Food
image6303.jpg,misc
image3758.jpg,Food
image5990.jpg,Food
image10312.jpg,Decorationandsignage
image5717.jpg,Attire
image1936.jpg,Food
image596.jpg,misc
image290.jpg,Food
image7613.jpg,Attire
image5464.jpg,Food
image6275.jpg,Decorationandsignage
image7878.jpg,Attire
image9353.jpg,Attire
image9803.jpg,Food
image2378.jpg,misc
image9613.jpg,Food
image6116.jpg,Attire
image6751.jpg,Decorationandsignage
image7286.jpg,misc
image6417.jpg,Attire
image7176.jpg,Attire
image2907.jpg,Attire
image6896.jpg,Food
image2844.jpg,Attire
image9851.jpg,Food
image3650.jpg,Food
image6747.jpg,Food
image8788.jpg,Food
image7907.jpg,Food
image4580.jpg,Decorationandsignage
image1635.jpg,Food
image7985.jpg,misc
image7980.jpg,misc
image7822.jpg,Attire
image6518.jpg,Attire
image1212.jpg,Attire
image2935.jpg,Food
image53.jpg,Food
image7269.jpg,Food
image10603.jpg,Attire
image3200.jpg,Attire
image1861.jpg,misc
image9409.jpg,misc
image8408.jpg,Attire
image10199.jpg,misc
image8403.jpg,misc
image4586.jpg,Attire
image6445.jpg,misc
image2319.jpg,misc
image10432.jpg,Attire
image9450.jpg,Food
image5938.jpg,Attire
image2871.jpg,Attire
image3149.jpg,Attire
image2304.jpg,misc
image7361.jpg,misc
image4368.jpg,Attire
image3042.jpg,Food
image3061.jpg,misc
image8817.jpg,Food
image236.jpg,misc
image4488.jpg,Food
image7021.jpg,Decorationandsignage
image8852.jpg,Food
image8830.jpg,Food
image5548.jpg,misc
image6961.jpg,Food
image5195.jpg,Food
image7023.jpg,misc
image9392.jpg,Food
image7696.jpg,Food
image6387.jpg,Attire
image9703.jpg,Food
image3186.jpg,Attire
image9717.jpg,Attire
image9615.jpg,Decorationandsignage
image7875.jpg,Decorationandsignage
image71.jpg,Attire
image9394.jpg,Attire
image7353.jpg,misc
image4953.jpg,Food
image10707.jpg,Food
image1746.jpg,Food
image6573.jpg,Attire
image6485.jpg,Attire
image4004.jpg,Food
image7843.jpg,Attire
image836.jpg,Food
image5301.jpg,Attire
image2273.jpg,misc
image8632.jpg,Attire
image2447.jpg,Attire
image1854.jpg,Decorationandsignage
image5820.jpg,misc
image5909.jpg,Attire
image10547.jpg,Food
image4386.jpg,misc
image9697.jpg,misc
image8903.jpg,Food
image4006.jpg,misc
image7258.jpg,Food
image5313.jpg,Attire
image6023.jpg,misc
image8355.jpg,Decorationandsignage
image9268.jpg,Food
image4075.jpg,Food
image2101.jpg,Food
image2277.jpg,Attire
image7309.jpg,Decorationandsignage
image9124.jpg,Attire
image3397.jpg,Food
image2966.jpg,misc
image5512.jpg,Food
image8009.jpg,Decorationandsignage
image4348.jpg,Food
image4210.jpg,Attire
image8320.jpg,Attire
image2807.jpg,Food
image8036.jpg,Food
image10016.jpg,Decorationandsignage
image4875.jpg,Attire
image4097.jpg,Attire
image8289.jpg,Food
image36.jpg,Decorationandsignage
image1484.jpg,misc
image4091.jpg,Decorationandsignage
image4095.jpg,Food
image6250.jpg,Attire
image6481.jpg,Food
image4254.jpg,Food
image5759.jpg,misc
image7846.jpg,misc
image6276.jpg,Decorationandsignage
image2311.jpg,Attire
image7882.jpg,Food
image2481.jpg,misc
image8322.jpg,Food
image4361.jpg,Attire
image8081.jpg,Food
image6140.jpg,Food
image3729.jpg,misc
image7058.jpg,misc
image6447.jpg,misc
image10247.jpg,misc
image94.jpg,Food
image3114.jpg,Food
image3663.jpg,Attire
image5957.jpg,Food
image6519.jpg,misc
image10255.jpg,misc
image1526.jpg,Decorationandsignage
image5834.jpg,Decorationandsignage
image1852.jpg,Attire
image4370.jpg,misc
image2248.jpg,Attire
image8481.jpg,Food
image3522.jpg,Food
image2792.jpg,Food
image7061.jpg,Food
image4716.jpg,Decorationandsignage
image10551.jpg,Decorationandsignage
image1300.jpg,Decorationandsignage
image4978.jpg,Decorationandsignage
image8072.jpg,Decorationandsignage
image8854.jpg,Attire
image8307.jpg,Attire
image6024.jpg,misc
image8065.jpg,Decorationandsignage
image8313.jpg,misc
image6606.jpg,misc
image5453.jpg,Food
image211.jpg,misc
image7684.jpg,Attire
image8278.jpg,Food
image7151.jpg,Attire
image4470.jpg,misc
image2927.jpg,Food
image3182.jpg,misc
image1309.jpg,misc
image3637.jpg,Attire
image7189.jpg,Food
image3878.jpg,Food
image9087.jpg,Food
image7570.jpg,Food
image6683.jpg,Attire
image7750.jpg,Decorationandsignage
image10414.jpg,Food
image2056.jpg,Attire
image5529.jpg,Decorationandsignage
image3630.jpg,Decorationandsignage
image9831.jpg,Decorationandsignage
image510.jpg,Attire
image669.jpg,Decorationandsignage
image8000.jpg,misc
image9713.jpg,Attire
image9730.jpg,Attire
image10140.jpg,Decorationandsignage
image9962.jpg,Attire
image9973.jpg,Food
image9477.jpg,Attire
image4563.jpg,Attire
image4492.jpg,misc
image1080.jpg,Attire
image6499.jpg,Decorationandsignage
image3987.jpg,Food
image10097.jpg,Attire
image10751.jpg,Attire
image6197.jpg,misc
image4539.jpg,Food
image5897.jpg,misc
image7726.jpg,misc
image4499.jpg,misc
image3104.jpg,Decorationandsignage
image356.jpg,Food
image4570.jpg,Attire
image9877.jpg,Attire
image8993.jpg,Attire
image1310.jpg,Attire
image8979.jpg,Attire
image6731.jpg,Food
image7956.jpg,Attire
image10117.jpg,Decorationandsignage
image2535.jpg,Food
image1249.jpg,Attire
image4899.jpg,misc
image369.jpg,Decorationandsignage
image7089.jpg,Food
image4988.jpg,Decorationandsignage
image5353.jpg,Food
image6594.jpg,Decorationandsignage
image392.jpg,Attire
image7114.jpg,Food
image1019.jpg,misc
image7611.jpg,Food
image3676.jpg,misc
image9071.jpg,Attire
image10270.jpg,Attire
image10762.jpg,misc
image6883.jpg,Attire
image8648.jpg,Food
image5514.jpg,Food
image10059.jpg,Attire
image7392.jpg,Food
image4202.jpg,Food
image8858.jpg,Attire
image7587.jpg,Food
image9540.jpg,Decorationandsignage
image4338.jpg,Attire
image5383.jpg,Attire
image2590.jpg,misc
image6106.jpg,Food
image5553.jpg,misc
image2758.jpg,Attire
image937.jpg,Food
image7166.jpg,Food
image4941.jpg,Attire
image4498.jpg,Food
image6233.jpg,misc
image2967.jpg,misc
image2125.jpg,misc
image8893.jpg,misc
image5965.jpg,misc
image8323.jpg,Attire
image2743.jpg,Food
image1200.jpg,misc
image906.jpg,Attire
image7045.jpg,misc
image3003.jpg,Food
image6906.jpg,Decorationandsignage
image5614.jpg,misc
image10362.jpg,Food
image9363.jpg,Attire
image8170.jpg,Food
image3374.jpg,Food
image7884.jpg,Food
image10633.jpg,Attire
image2112.jpg,Attire
image9937.jpg,Food
image9474.jpg,Attire
image3588.jpg,Food
image4087.jpg,Decorationandsignage
image2108.jpg,Food
image7885.jpg,Attire
image6247.jpg,Food
image3962.jpg,misc
image901.jpg,Attire
image2830.jpg,Food
image200.jpg,Decorationandsignage
image6454.jpg,Decorationandsignage
image3985.jpg,misc
image7202.jpg,Food
image10776.jpg,Decorationandsignage
image958.jpg,Food
image10684.jpg,Food
image8687.jpg,Food
image9076.jpg,Food
image4035.jpg,Food
image950.jpg,Food
image9323.jpg,Attire
image8616.jpg,Food
image6108.jpg,Decorationandsignage
image8137.jpg,Food
image8131.jpg,misc
image4833.jpg,Attire
image7828.jpg,Decorationandsignage
image1758.jpg,Decorationandsignage
image10690.jpg,Attire
image7423.jpg,Attire
image7244.jpg,Decorationandsignage
image1733.jpg,Attire
image5306.jpg,Food
image9503.jpg,Attire
image3528.jpg,Food
image440.jpg,Attire
image9447.jpg,Food
image10742.jpg,Attire
image3499.jpg,misc
image1459.jpg,misc
image5418.jpg,misc
image10036.jpg,Food
image2620.jpg,Food
image6872.jpg,Attire
image4629.jpg,Decorationandsignage
image9826.jpg,misc
image3318.jpg,misc
image10496.jpg,Attire
image2948.jpg,misc
image5113.jpg,Attire
image1408.jpg,Decorationandsignage
image4598.jpg,Food
image10156.jpg,Attire
image8496.jpg,Attire
image4379.jpg,misc
image7364.jpg,Food
image8756.jpg,Attire
image6808.jpg,Food
image6145.jpg,Attire
image2562.jpg,Decorationandsignage
image6777.jpg,Attire
image8680.jpg,Food
image4044.jpg,misc
image7320.jpg,misc
image1025.jpg,Decorationandsignage
image9322.jpg,Attire
image3731.jpg,Food
image3247.jpg,Food
image3686.jpg,Attire
image7788.jpg,Food
image3304.jpg,Attire
image2828.jpg,Food
image248.jpg,Food
image9302.jpg,misc
image5972.jpg,Food
image584.jpg,Attire
image4129.jpg,Food
image1511.jpg,misc
image5617.jpg,Food
image4437.jpg,Food
image10716.jpg,misc
image10581.jpg,Food
image10534.jpg,misc
image2952.jpg,Decorationandsignage
image4022.jpg,Food
image9757.jpg,Attire
image9583.jpg,Attire
image4823.jpg,Attire
image10372.jpg,misc
image10034.jpg,Attire
image7346.jpg,Food
image1820.jpg,Food
image7758.jpg,misc
image9275.jpg,misc
image7356.jpg,Attire
image2839.jpg,Attire
image4621.jpg,Food
image10356.jpg,Food
image9816.jpg,misc
image10779.jpg,Attire
image10333.jpg,Attire
image2760.jpg,Food
image3513.jpg,Attire
image4888.jpg,Attire
image1914.jpg,Food
image10401.jpg,Food
image2008.jpg,Attire
image3976.jpg,Food
image332.jpg,Food
image9870.jpg,Food
image7706.jpg,Food
image1290.jpg,Attire
image9316.jpg,Food
image8958.jpg,misc
image10614.jpg,Food
image228.jpg,Decorationandsignage
image816.jpg,Attire
image10587.jpg,Food
image3175.jpg,Food
image4816.jpg,Food
image6761.jpg,Food
image2485.jpg,Food
image1204.jpg,Decorationandsignage
image5803.jpg,Attire
image3622.jpg,Food
image4230.jpg,Food
image5748.jpg,Food
image8415.jpg,Decorationandsignage
image1502.jpg,Food
image8128.jpg,Attire
image7612.jpg,Food
image5676.jpg,Food
image9983.jpg,Food
image3707.jpg,Food
image5314.jpg,misc
image5922.jpg,Attire
image3747.jpg,misc
image8669.jpg,Food
image3012.jpg,misc
image6442.jpg,misc
image6381.jpg,Food
image2622.jpg,Attire
image922.jpg,Decorationandsignage
image5960.jpg,Food
image4444.jpg,misc
image4385.jpg,Food
image7930.jpg,misc
image6509.jpg,misc
image6346.jpg,Food
image8662.jpg,misc
image2825.jpg,Food
image9754.jpg,Food
image1443.jpg,Food
image6601.jpg,Food
image8010.jpg,misc
image663.jpg,Food
image618.jpg,Food
image4572.jpg,misc
image2906.jpg,Food
image2798.jpg,Attire
image2553.jpg,Food
image2394.jpg,Decorationandsignage
image1726.jpg,Attire
image3742.jpg,Attire
image1419.jpg,misc
image2594.jpg,misc
image4826.jpg,Food
image4730.jpg,Food
image9469.jpg,Food
image8884.jpg,misc
image1999.jpg,Attire
image5811.jpg,misc
image6746.jpg,Decorationandsignage
image1197.jpg,Food
image5312.jpg,Food
image588.jpg,Food
image9104.jpg,Food
image7238.jpg,misc
image2157.jpg,misc
image10402.jpg,Food
image4688.jpg,Attire
image4090.jpg,misc
image5197.jpg,Food
image10880.jpg,Food
image3281.jpg,misc
image1900.jpg,Food
image7746.jpg,Food
image6259.jpg,misc
image10331.jpg,Attire
image9912.jpg,Food
image4574.jpg,misc
image6572.jpg,Attire
image4359.jpg,Attire
image544.jpg,Food
image2662.jpg,misc
image4879.jpg,Attire
image7581.jpg,Decorationandsignage
image7257.jpg,Attire
image7902.jpg,Food
image7016.jpg,Food
image4464.jpg,Decorationandsignage
image10332.jpg,Food
image5154.jpg,misc
image3749.jpg,Attire
image8078.jpg,Food
image7834.jpg,Food
image7476.jpg,Food
image5933.jpg,Food
image9624.jpg,misc
image10806.jpg,Food
image7978.jpg,Food
image1610.jpg,Food
image2388.jpg,Food
image4244.jpg,misc
image7953.jpg,Attire
image6888.jpg,Decorationandsignage
image2849.jpg,misc
image10323.jpg,Attire
image1606.jpg,Decorationandsignage
image1349.jpg,Decorationandsignage
image5247.jpg,misc
image5257.jpg,misc
image9938.jpg,Food
image3583.jpg,Attire
image2047.jpg,Food
image7055.jpg,misc
image3139.jpg,Attire
image3030.jpg,Food
image9950.jpg,Food
image7394.jpg,Attire
image7299.jpg,Decorationandsignage
image6375.jpg,misc
image3484.jpg,misc
image8520.jpg,misc
image7973.jpg,Attire
image9991.jpg,Food
image9865.jpg,Food
image587.jpg,Attire
image7483.jpg,Food
image8934.jpg,misc
image2104.jpg,Food
image7762.jpg,Food
image8126.jpg,Food
image6358.jpg,Food
image8570.jpg,misc
image987.jpg,Food
image2244.jpg,Food
image10879.jpg,Attire
image10612.jpg,Decorationandsignage
image7832.jpg,misc
image3844.jpg,Decorationandsignage
image6411.jpg,Decorationandsignage
image6395.jpg,misc
image10280.jpg,misc
image1581.jpg,Attire
image10403.jpg,misc
image5699.jpg,Food
image10705.jpg,Attire
image5774.jpg,Attire
image6141.jpg,misc
image3469.jpg,Attire
image5416.jpg,Food
image9804.jpg,misc
image5495.jpg,Decorationandsignage
image9102.jpg,misc
image6524.jpg,Food
image4850.jpg,Attire
image7670.jpg,Food
image8247.jpg,misc
image6588.jpg,Food
image8511.jpg,Attire
image7645.jpg,Attire
image8771.jpg,Attire
image8719.jpg,Attire
image10795.jpg,Attire
image6740.jpg,Attire
image8218.jpg,Food
image2766.jpg,misc
image3817.jpg,Food
image5653.jpg,misc
image7971.jpg,Attire
image8703.jpg,Decorationandsignage
image10658.jpg,Food
image1725.jpg,Attire
image6161.jpg,Food
image2688.jpg,Food
image3336.jpg,Decorationandsignage
image4525.jpg,misc
image10193.jpg,Attire
image7359.jpg,Attire
image10745.jpg,misc
image4915.jpg,Decorationandsignage
image3646.jpg,Food
image1792.jpg,Decorationandsignage
image3334.jpg,Food
image2103.jpg,Decorationandsignage
image418.jpg,Attire
image5664.jpg,Food
image2351.jpg,Attire
image10262.jpg,misc
image4320.jpg,misc
image4994.jpg,Food
image4685.jpg,Food
image6525.jpg,Decorationandsignage
image5624.jpg,Decorationandsignage
image5354.jpg,Food
image1802.jpg,Attire
image2067.jpg,Attire
image6319.jpg,Attire
image2043.jpg,misc
image2648.jpg,Attire
image5217.jpg,Decorationandsignage
image8083.jpg,Decorationandsignage
image8004.jpg,misc
image6945.jpg,Decorationandsignage
image9880.jpg,Decorationandsignage
image10554.jpg,Food
image8364.jpg,Attire
image2567.jpg,Food
image1844.jpg,Attire
image8931.jpg,misc
image10588.jpg,Attire
image4092.jpg,Food
image2381.jpg,Decorationandsignage
image9381.jpg,Food
image4927.jpg,misc
image5929.jpg,misc
image8436.jpg,Food
image7567.jpg,Food
image1415.jpg,Attire
image9644.jpg,Food
image6258.jpg,misc
image1110.jpg,Decorationandsignage
image6348.jpg,misc
image9993.jpg,Food
image5891.jpg,Decorationandsignage
image703.jpg,Food
image10728.jpg,Attire
image5647.jpg,Attire
image6667.jpg,Food
image2752.jpg,Food
image5747.jpg,Food
image8459.jpg,Food
image1485.jpg,Food
image4435.jpg,Food
image2734.jpg,misc
image10660.jpg,Attire
image900.jpg,Food
image6988.jpg,misc
image8234.jpg,Attire
image8048.jpg,Decorationandsignage
image5576.jpg,Attire
image9444.jpg,Attire
image3799.jpg,Decorationandsignage
image6532.jpg,Food
image1326.jpg,misc
image6425.jpg,Attire
image4329.jpg,misc
image10792.jpg,misc
image8597.jpg,Food
image7813.jpg,Attire
image1164.jpg,Attire
image9092.jpg,misc
image6535.jpg,Food
image5696.jpg,Food
image7627.jpg,Attire
image2538.jpg,misc
image4106.jpg,Food
image1170.jpg,Attire
image134.jpg,Attire
image9578.jpg,Attire
image3587.jpg,Attire
image10480.jpg,Food
image4872.jpg,Decorationandsignage
image7343.jpg,Attire
image2917.jpg,Food
image10775.jpg,Food
image9488.jpg,misc
image3880.jpg,Attire
image10516.jpg,Decorationandsignage
image8815.jpg,Food
image5707.jpg,Food
image3943.jpg,misc
image2999.jpg,misc
image5982.jpg,Food
image5387.jpg,Attire
image8736.jpg,Decorationandsignage
image2209.jpg,misc
image5688.jpg,Food
image9687.jpg,Food
image4624.jpg,misc
image8509.jpg,Food
image1191.jpg,Food
image4251.jpg,Food
image7204.jpg,Food
image8582.jpg,Decorationandsignage
image3782.jpg,Food
image2438.jpg,misc
image4483.jpg,Decorationandsignage
image5869.jpg,Food
image3582.jpg,misc
image10265.jpg,Food
image5446.jpg,Food
image9623.jpg,Attire
image1592.jpg,misc
image6895.jpg,Attire
image118.jpg,misc
image4566.jpg,Food
image7596.jpg,Food
image7223.jpg,misc
image8992.jpg,Food
image8571.jpg,Food
image5859.jpg,Food
image6373.jpg,Decorationandsignage
image3407.jpg,misc
image9820.jpg,Food
image1150.jpg,misc
image4797.jpg,Food
image4116.jpg,Food
image1474.jpg,Decorationandsignage
image7881.jpg,misc
image6821.jpg,Decorationandsignage
image8972.jpg,Food
image4324.jpg,Food
image853.jpg,misc
image1912.jpg,Food
image3366.jpg,misc
image3568.jpg,Attire
image4996.jpg,Attire
image2679.jpg,Attire
image3657.jpg,Attire
image3051.jpg,misc
image2592.jpg,misc
image9279.jpg,misc
image7305.jpg,Attire
image328.jpg,Food
image8466.jpg,misc
image6845.jpg,Attire
image7265.jpg,Attire
image10577.jpg,Food
image6971.jpg,misc
image9237.jpg,Attire
image739.jpg,misc
image10626.jpg,Food
image2788.jpg,Food
image7708.jpg,Food
image1313.jpg,Food
image4491.jpg,Decorationandsignage
image2150.jpg,Food
image3074.jpg,Attire
image3384.jpg,Food
image6479.jpg,Food
image8182.jpg,Attire
image10144.jpg,Attire
image6978.jpg,Decorationandsignage
image6289.jpg,Food
image2886.jpg,misc
image7322.jpg,Food
image8753.jpg,Attire
image8238.jpg,misc
image6932.jpg,Food
image7156.jpg,Food
image3072.jpg,misc
image8769.jpg,Food
image8746.jpg,Food
image8106.jpg,Decorationandsignage
image9158.jpg,Food
image8524.jpg,Food
image10345.jpg,Decorationandsignage
image657.jpg,Food
image8387.jpg,Attire
image791.jpg,Attire
image3643.jpg,Decorationandsignage
image10665.jpg,Attire
image10482.jpg,Attire
image3918.jpg,Attire
image2449.jpg,Food
image1089.jpg,Attire
image10203.jpg,Food
image9872.jpg,Decorationandsignage
image4120.jpg,Food
image6876.jpg,Decorationandsignage
image5419.jpg,Food
image8589.jpg,Attire
image8035.jpg,misc
image1619.jpg,Attire
image443.jpg,Attire
image8286.jpg,misc
image8172.jpg,Food
image1542.jpg,Food
image9133.jpg,Food
image654.jpg,Attire
image354.jpg,Attire
image4115.jpg,Attire
image10348.jpg,Attire
image1086.jpg,misc
image6875.jpg,Food
image9775.jpg,Attire
image8319.jpg,Food
image9007.jpg,Food
image3636.jpg,Food
image10816.jpg,misc
image1354.jpg,Decorationandsignage
image5109.jpg,Food
image2954.jpg,Attire
image9383.jpg,Attire
image6781.jpg,misc
image10470.jpg,Food
image9751.jpg,Food
image2529.jpg,misc
image5360.jpg,Food
image481.jpg,misc
image10286.jpg,Attire
image10500.jpg,Decorationandsignage
image7261.jpg,Food
image8602.jpg,misc
image472.jpg,Attire
image3514.jpg,misc
image3842.jpg,Food
image5438.jpg,misc
image9131.jpg,Decorationandsignage
image8716.jpg,Attire
image2881.jpg,Food
image7617.jpg,Attire
image1941.jpg,Food
image2768.jpg,Attire
image6904.jpg,Food
image2285.jpg,Decorationandsignage
image2904.jpg,Attire
image2775.jpg,Attire
image10631.jpg,Decorationandsignage
image7369.jpg,Attire
image4060.jpg,Decorationandsignage
image5430.jpg,misc
image10833.jpg,Food
image5756.jpg,Decorationandsignage
image8649.jpg,Attire
image69.jpg,Decorationandsignage
image10824.jpg,Decorationandsignage
image7593.jpg,Food
image9108.jpg,Attire
image184.jpg,Food
image918.jpg,misc
image9554.jpg,misc
image8907.jpg,misc
image2208.jpg,Attire
image6689.jpg,Food
image5290.jpg,Food
image10310.jpg,Attire
image3688.jpg,misc
image9027.jpg,Food
image1104.jpg,Decorationandsignage
image4406.jpg,Attire
image3506.jpg,Food
image5141.jpg,misc
image3342.jpg,Food
image7991.jpg,Decorationandsignage
image8117.jpg,Food
image6270.jpg,Attire
image5363.jpg,Attire
image5925.jpg,misc
image2944.jpg,Decorationandsignage
image8674.jpg,Food
image3845.jpg,Food
image2124.jpg,Attire
image10656.jpg,Attire
image5069.jpg,misc
image2981.jpg,Attire
image4582.jpg,Food
image8849.jpg,misc
image522.jpg,Attire
